id,film,year,awards,nominations
11cb8628-7bfc-4d1e-b8d1-755fd286a8ef,Oppenheimer,2023,7,13
3032f696-6df1-4397-adf8-d403c274973a,Poor Things,2023,4,11
5f79e165-8c74-437c-a978-0c8096ea6e89,The Zone of Interest,2023,2,5
e9183a7d-8b3b-4cf3-97b6-d802c116c8b8,American Fiction,2023,1,5
c8ae6251-1e58-4678-9947-19e4ec420f73,Anatomy of a Fall,2023,1,5
c824a69c-6b3b-4ddc-92f0-38aba4151627,Barbie,2023,1,8
d4ca123a-c56e-474d-aea7-266123cce553,The Boy and the Heron,2023,1,1
f459bd73-2f95-4938-b1a2-24a589f11647,Godzilla Minus One,2023,1,1
ff0700ed-c7cc-4ba6-89a0-f39f96725f15,The Holdovers,2023,1,5
833c5e4e-4594-4a4d-b2f7-13454a026746,The Last Repair Shop,2023,1,1
ee0c37a4-7839-49a2-85e6-c000318aea6f,20 Days in Mariupol,2023,1,1
9a7cb971-eb24-4d2c-889a-3c5b17d7b5a8,War Is Over! Inspired by the Music of John and Yoko,2023,1,1
c2d16f25-e0ff-45af-91f4-cf4de1030d47,The Wonderful Story of Henry Sugar,2023,1,1
e641abd3-3bfc-40d8-91fd-7672610615cf,Everything Everywhere All at Once,2022,7,11
7a804988-2f51-4e63-96d3-0a2bc8053ce0,All Quiet on the Western Front,2022,4,9
11e6923c-bdaa-4f6c-9d05-53eb848551d1,The Whale,2022,2,3
2f47cbe1-1557-4fd6-a873-dc8641ced1ad,Top Gun: Maverick,2022,1,6
3fe3013d-c24e-4c31-b972-78ebfb0fa631,Black Panther: Wakanda Forever,2022,1,5
2560f0db-e748-45d9-9613-260be2e38281,Avatar: The Way of Water,2022,1,4
b5b7ec6d-d770-4ffa-9f11-f402830b0d8a,Women Talking,2022,1,2
1d9d5773-7273-4350-9c35-a4dadee2d945,Guillermo del Toro's Pinocchio,2022,1,1
476c1ef3-e752-480d-9562-4081c24e463d,Navalny,2022,1,1
e8d25230-2c0e-4050-8a56-d729c8f57264,The Elephant Whisperers,2022,1,1
06c9a704-8734-4742-b0ba-0b2fe7f60c0f,An Irish Goodbye,2022,1,1
9c62a4e9-4734-48dc-a99b-b5ba570a1d4b,"The Boy, the Mole, the Fox and the Horse",2022,1,1
4ff8f1b6-4502-4c7b-a65b-41cdadf67288,RRR,2022,1,1
1a4c5f55-a8b0-453b-8074-48d941edd7f7,CODA,2021,3,3
b2b02ad8-7ecf-4311-8a08-478229f16c91,Dune,2021,6,10
bf1a9800-c4b9-48ac-8078-a15cae91393a,The Eyes of Tammy Faye,2021,2,2
8b927d20-3fec-4990-8733-584210e09c04,No Time to Die,2021,1,3
1f91162d-cbd7-4c1f-aa55-8c13496dde4d,The Windshield Wiper,2021,1,1
701c638d-cb7c-42be-958b-8e503856eaa1,The Long Goodbye,2021,1,1
4db4170a-b5f3-4ccc-8b8c-161f26d1c840,The Queen of Basketball,2021,1,1
b981b8e7-18e5-417e-8a02-001cefcf74a0,Summer of Soul,2021,1,1
492d25bc-7d6c-491a-a566-d33f0c577adc,Drive My Car,2021,1,4
86f45871-471b-4d5b-8d46-fc1d19800749,Encanto,2021,1,3
54a5f3e6-b126-4fdd-867a-7aa24b7a6cea,West Side Story,2021,1,7
e534f481-dbc3-4759-9b5b-755c1c502fe3,Belfast,2021,1,7
6af13955-377e-45fc-a6b0-1f04a35d3c3d,The Power of the Dog,2021,1,12
4597cb6f-2023-4135-8ffd-cb862db52247,King Richard,2021,1,6
fd582796-9f03-44f6-ad7c-f5f6b1436a28,Cruella,2021,1,2
31aefeb8-79bc-41be-ac92-9c443bcef143,Nomadland,2020/21,3,6
fcebee4f-2d1d-491e-9a21-aac3563383e0,The Father,2020/21,2,6
9dc2f08e-aae0-4da5-8d52-322e3bf55e78,Judas and the Black Messiah,2020/21,2,6
4a68c5e5-df06-4353-b1a5-17e208ccd9f9,Minari,2020/21,1,6
9934a05b-b3b5-4796-8dc7-d39dbaf7f59f,Mank,2020/21,2,10
3431c4ab-588b-402d-b2d7-ab5fe0d58e04,Sound of Metal,2020/21,2,6
1140d09b-7dc1-469a-be75-b4f403277b4b,Ma Rainey's Black Bottom,2020/21,2,5
c4534229-be45-4b83-9e88-68666d1a84b5,Promising Young Woman,2020/21,1,5
e045523d-0033-4ee4-a724-af4ea6a67f39,Tenet,2020/21,1,2
640d6b66-84d7-4eb1-89be-3e87276ebd1e,Soul,2020/21,2,3
7367437d-29a3-4ca4-9d86-e3f03f4292b4,Another Round,2020/21,1,2
cbefeff1-8f5c-49fe-b083-33a95d500cad,My Octopus Teacher,2020/21,1,1
aea5f5d9-4da6-4e36-ad44-80cd18985cee,Colette,2020/21,1,1
375df166-8dde-4ba2-aeb0-f9549fc38291,If Anything Happens I Love You,2020/21,1,1
ab983206-1f1f-4785-9ba9-c38580dd54b5,Two Distant Strangers,2020/21,1,1
b09b050e-412b-4c1d-ad97-bc4e8842e015,Parasite,2019,4,6
2d8aa9df-5522-4459-b45a-252fbead8761,Ford v Ferrari,2019,2,4
ea856ce7-3606-49fb-93bb-c09d52f2297b,Learning to Skateboard in a Warzone (If You're a Girl),2019,1,1
d7b5a3ea-ac12-416b-93fa-5fd0ba337376,The Neighbors' Window,2019,1,1
6c81c722-2d86-4af3-a6e9-39644c0eff1e,Little Women,2019,1,6
082b0a7a-45ac-4dfb-a384-6de60ede9fe2,Marriage Story,2019,1,6
05cd728a-4a50-4a5d-bb2d-a34e27cf06b5,Jojo Rabbit,2019,1,6
2be38955-83c5-4c0c-9de7-0898635c0ec6,Toy Story 4,2019,1,2
1a5c198b-cda5-4ab0-9201-4038ef392441,Joker,2019,2,11
15213032-052a-4059-a18e-660dc5f1a704,Once Upon a Time in Hollywood,2019,2,10
f679fb5d-401a-4a6e-98e8-833b67bbb530,1917,2019,3,10
51d65486-dda1-48c4-acd6-82d112a4009a,Judy,2019,1,2
e3ed0a9b-c86d-469b-aeff-7cd930c29a3c,Bombshell,2019,1,3
12d59df7-368e-4826-bb18-e04dc17a333c,Rocketman,2019,1,1
241d206b-c4e8-4379-8e95-c8e0affee93f,American Factory,2019,1,1
46e9ec37-e57f-4149-8082-1d45a67946e0,Hair Love,2019,1,1
63a005cd-875e-424b-9bb9-02fd8420fe81,Green Book,2018,3,5
3ea66273-2af9-4c05-8907-9b0c480e3d4f,Bohemian Rhapsody,2018,4,5
2339be0e-d98e-46a9-98c4-420c4263cb03,Roma,2018,3,10
98a4c448-3a5e-4224-81ec-0745bbb0f1ca,Black Panther,2018,3,7
6bcc8c2c-130d-4c36-8568-3a6e623119f3,The Favourite,2018,1,10
7f46382e-6a62-4993-81f9-13537910519b,A Star Is Born,2018,1,8
27dc6490-0504-400d-8ff6-15cf05bb240b,Vice,2018,1,8
ca3a2a75-6672-476a-90d9-5a16b4c210ce,BlacKkKlansman,2018,1,6
89d11b91-8464-4c6c-970a-2a28785be0fb,First Man,2018,1,4
ccd8b532-7365-4d10-b1b8-d1e52131c331,If Beale Street Could Talk,2018,1,3
599b961c-f0c9-4f8b-a801-48f9002f15b0,Bao,2018,1,1
53ce3078-3506-4dd7-a470-7032b3a92724,Free Solo,2018,1,1
156bf257-e837-476a-8311-a9214da327cb,Period. End of Sentence.,2018,1,1
f39543a5-216a-49ab-958c-19aa69e878e7,Skin,2018,1,1
ed2be855-2a73-415e-abff-f26e6f990239,Spider-Man: Into the Spider-Verse,2018,1,1
21be6839-2eed-4c25-9e13-bf65b5dfb45c,The Shape of Water,2017,4,13
285d02b7-bf68-4a53-84cb-7b8bdb251658,Dunkirk,2017,3,8
c3d36114-0933-44bc-9147-8ddcd9fbdc20,"Three Billboards Outside Ebbing, Missouri",2017,2,7
a2466b03-8ff2-4571-bf74-c0d5ec36428c,Darkest Hour,2017,2,6
8a0b5ecd-d462-4123-828d-10b18f8dfbc8,Blade Runner 2049,2017,2,5
9137ba27-0456-4a7b-9baa-ae744d435eed,Coco,2017,2,2
df783a6e-96f4-411f-97b0-5069a331931d,Phantom Thread,2017,1,6
412fbe64-eca5-464a-9923-78034b76c9f8,Call Me by Your Name,2017,1,4
e6a7361d-beba-4232-ae98-cbaeeae2c08f,Get Out,2017,1,4
1f475f59-e537-49de-a16e-6dcee7f96380,"I, Tonya",2017,1,3
6894860f-ee86-4062-be96-d1ec84c1f97e,Dear Basketball,2017,1,1
4f765068-7416-40ec-be2b-dd5f15ec35e5,A Fantastic Woman,2017,1,1
be55d69d-d938-4b5a-966a-abd7673821b5,Heaven Is a Traffic Jam on the 405,2017,1,1
1dd179ee-ffc3-45b2-80d6-d56b6875b684,Icarus,2017,1,1
44718792-4abe-4690-b761-768de06ed1c9,The Silent Child,2017,1,1
335bbbb7-358b-4be7-8f9b-1eb42d647d89,Flesh and Sand (Carne y arena),2017,0 (1)[1],0
633d2dd9-d2e9-4dca-9cbc-81609bde1e2b,Moonlight,2016,3,8
48330cc6-4ff4-4660-bdab-c1181f8901a3,La La Land,2016,6,14
ba07c963-72f4-4d1e-bfef-0a9f7da96f74,Hacksaw Ridge,2016,2,6
e97c5e7e-fa91-4e96-b330-de780ccd0f7d,Manchester by the Sea,2016,2,6
e5bb1072-2a02-40f2-a857-2f18384f8528,Arrival,2016,1,8
bbe0ecda-7de8-46a9-b970-084eda7b92a6,Fences,2016,1,4
93920b87-70ed-4e11-889e-25071e4fb3aa,Fantastic Beasts and Where to Find Them,2016,1,2
1468852d-ac46-479c-a159-f1845a6d5c72,The Jungle Book,2016,1,1
0df0f102-0dc4-417b-a65f-b959c160c205,O.J.: Made in America,2016,1,1
9daf4431-35fc-4b24-bbb3-0d4f8b48d2a9,Piper,2016,1,1
c438a05b-4d9b-4ee1-9bb6-dba56b7c70b4,The Salesman,2016,1,1
70354f2e-2930-4f8a-990d-8c481a02731a,Sing,2016,1,1
7d562290-fa1e-40a4-b498-14e74457d358,Suicide Squad,2016,1,1
1dd60f6b-791e-41fe-8a00-ef0abe97dc42,The White Helmets,2016,1,1
25de5347-9b80-497c-919d-1b4e850bdf25,Zootopia,2016,1,1
7d3eb53b-a8d9-431f-ae94-6e6941bedd12,Spotlight,2015,2,6
e552ad7a-5665-460a-a52d-26ea6eca288d,Mad Max: Fury Road,2015,6,10
37578d0b-d171-420b-8c3d-cd3238caec38,The Revenant,2015,3,12
f4e567f0-eea4-4db5-b38a-f8718d54e5dc,Bridge of Spies,2015,1,6
af8c2ce9-8785-4d45-8703-50992e9c015f,The Big Short,2015,1,5
f753a20c-fdc1-4f11-9930-22589e36d690,The Danish Girl,2015,1,4
c4c6fed6-2243-42ad-93a4-0c42bb41f559,Room,2015,1,4
08c44428-c0d0-4231-8ba4-10f7a4aa81b5,The Hateful Eight,2015,1,3
cb36aff3-1813-4dac-b08a-45a688abb9c9,Ex Machina,2015,1,2
fcd59aca-29e3-4691-be0d-789ede566923,Inside Out,2015,1,2
218dcefb-9781-4da1-822e-99ed746449ec,Amy,2015,1,1
0c5bea41-c6db-4409-abee-605d47653cbc,Bear Story,2015,1,1
e3f65129-7ef2-480f-b5de-7d4f8f7d78b0,A Girl in the River: The Price of Forgiveness,2015,1,1
b8ce7256-22c3-4c27-87fb-70cc5c0c6756,Son of Saul,2015,1,1
f97c186b-6798-4183-90d3-2feb8c2adaf3,Spectre,2015,1,1
b4d5147d-1c53-4226-ae38-865669eefd12,Stutterer,2015,1,1
603a1b82-e204-469e-9d5d-866024cc14fc,Birdman or (The Unexpected Virtue of Ignorance),2014,4,9
c1d40d18-c25a-4c36-970e-ddb8790786df,The Grand Budapest Hotel,2014,4,9
2695cfae-a9ed-44e7-8504-6152339d383b,Whiplash,2014,3,5
a1195220-1d49-4380-b496-67d19d09e7ef,The Imitation Game,2014,1,8
2f84614d-6280-492e-a979-c80b7581554d,American Sniper,2014,1,6
65457acd-6c5c-46e8-aac4-2e2fae38d9ac,Boyhood,2014,1,6
2286d589-4a4c-4b24-9512-bddbaded38e6,Interstellar,2014,1,5
5977304c-5dd9-40ff-87e4-a6d19f4fc83f,The Theory of Everything,2014,1,5
28368064-e29a-4163-9486-40ae49a39716,Ida,2014,1,2
406cdddc-90d0-4dce-a63c-98dff0cb6461,Selma,2014,1,2
87768a1a-e8ea-49aa-a331-3b4b094705ff,Citizenfour,2014,1,1
7cd5639e-149f-4de6-996b-4df75179a039,Big Hero 6,2014,1,1
0636db5a-8f88-4bbd-8c04-48e20f1c9916,Crisis Hotline: Veterans Press 1,2014,1,1
1ec06eee-6876-4ef9-b65b-4182fefa00fa,The Phone Call,2014,1,1
0f5aadbd-49bf-4e8c-a7ec-d123d195e0a1,Still Alice,2014,1,1
218aced8-cb39-4873-be53-fc1843b03297,Feast,2014,1,1
dc5829a2-75dd-40b7-830b-645eb41913ba,12 Years a Slave,2013,3,9
7e02d078-fad9-4e00-9c0f-8ec1d9bedc4a,Gravity,2013,7,10
f459e753-82aa-4597-b83c-2344584c26bd,Dallas Buyers Club,2013,3,6
a911a376-57f4-4eb4-9ba7-f974745e718c,Frozen,2013,2,2
0c202e5c-11a4-4f9b-a3d4-11517e19c053,The Great Gatsby,2013,2,2
910172f1-b3fe-4ab2-8872-2e1b1adde331,Her,2013,1,5
b55d25c9-309b-4794-bc9b-a6e2a2baa3c2,Blue Jasmine,2013,1,3
d0ba65fa-dfe8-4057-9bf6-9110804fcdeb,Mr Hublot,2013,1,1
50a2d5c5-aca7-4c3b-9056-fe6a26576ac2,The Lady in Number 6,2013,1,1
3e6d5ff3-e640-44e9-9ae4-fe5be61d8e5b,Helium,2013,1,1
23f47bb5-2f3a-4e80-988e-f161e3a9c59c,The Great Beauty,2013,1,1
8aeba6fe-674d-4500-82a1-d533680fbf38,20 Feet from Stardom,2013,1,1
09637646-cd63-4a72-9a51-98e809e3a7d4,Argo,2012,3,7
e470eb02-9e73-457f-8c83-88cc7c4fc139,Life of Pi,2012,4,11
2fd5fc20-d81a-4c93-9a35-77ab9eb10c47,Les Misérables,2012,3,8
727731fa-be6a-41b0-8cc0-c6f03f2a5879,Lincoln,2012,2,12
3b7f3216-bbb2-4576-97ef-291077c23bf1,Django Unchained,2012,2,5
6b1d2e20-7742-4d87-a4be-3223caf44e34,Skyfall,2012,2,5
bbb3b69c-f320-4015-9923-914d2e625c80,Silver Linings Playbook,2012,1,8
fd635b9f-4d8c-4c76-a50d-1d76fd05b436,Zero Dark Thirty,2012,1,5
989fe7da-a722-4973-99eb-fc52fab02d79,Amour,2012,1,5
8ca2cc06-5da5-4b48-aaba-d8be004a772b,Anna Karenina,2012,1,4
8d5f0a12-fc3a-42f3-832a-d64503c1fa33,Paperman,2012,1,1
0cf4b05b-f10b-4626-8ab7-b3865dc04b30,Brave,2012,1,1
7b815723-b4bf-4735-849a-c33fe443aff4,Searching for Sugar Man,2012,1,1
9d87c58a-966a-4a7b-8ba7-29f210522079,Inocente,2012,1,1
e1417514-1f35-47ef-afc2-4ef626fd9cfc,Curfew,2012,1,1
a5ecc9e9-f6d7-4dad-b7c5-b73490bd16c0,The Artist,2011,5,10
a6ba60a7-2d3f-4bc7-95b9-e1be771aec33,Hugo,2011,5,11
f4852f16-eff5-40eb-90de-687b54a68099,The Iron Lady,2011,2,2
d95703d7-ac65-4702-b84b-191950c49e76,The Descendants,2011,1,5
d92e8303-4420-423e-8ea3-5eb2441acf60,The Girl with the Dragon Tattoo,2011,1,5
89837d2f-7cca-4f8c-87d1-d704820a34c8,Midnight in Paris,2011,1,4
77013d0d-fc81-45b5-8884-429e65d6aafa,The Help,2011,1,4
13786ad6-d654-47e7-8b79-a898ff851abc,A Separation,2011,1,2
a9894c4b-4fc3-4f79-a9b7-9e524a23c504,The Fantastic Flying Books of Mr. Morris Lessmore,2011,1,1
6e8d3cbd-48c4-4836-96e1-4407b881e838,The Shore,2011,1,1
d030a92b-515f-479a-a90c-29ac090aad64,Undefeated,2011,1,1
bb3c0f38-8bc4-4d9d-94fe-acd21d620256,The Muppets,2011,1,1
11223400-e2bf-48e9-bb6c-1b303fd95cbc,Saving Face,2011,1,1
bb29cd16-4e93-4559-b58e-428955c0c000,Beginners,2011,1,1
9dd958a8-2a75-453e-a85c-4485758ce65d,Rango,2011,1,1
4d75f3a7-1c04-4196-8595-48cd786bd280,The King's Speech,2010,4,12
a8219727-d732-4b52-a340-72e17f589e9d,Inception,2010,4,8
bd462b9d-130b-4f1d-b2e4-4e7b23cbc2c1,The Social Network,2010,3,8
e614769b-ec78-44a2-a499-24d8903d45fb,The Fighter,2010,2,7
fc2a22c5-aca7-4095-83bd-608028c4d4a2,Toy Story 3,2010,2,5
28d1c497-5b99-4d0a-801b-3464802e182b,Alice in Wonderland,2010,2,3
980305e0-1181-4922-b701-f487a63bcfb4,Black Swan,2010,1,5
416eec15-a062-4fd0-b599-c3f789432f7d,In a Better World,2010,1,1
0d15b85c-017d-473f-b375-8c6967285a61,The Lost Thing,2010,1,1
a5c65255-d2f0-4fe4-bb4d-6505ec51db13,God of Love,2010,1,1
bca22664-d50b-43cb-a662-ed1fa94bad9e,The Wolfman,2010,1,1
d68b435c-a08f-4311-bfa3-5e372f30f0a9,Strangers No More,2010,1,1
264a650c-dc26-4d92-8d16-7db9c50b6d13,Inside Job,2010,1,1
abb4d408-d6e7-49c5-8264-4ccb1fbfddc7,The Hurt Locker,2009,6,9
03ddbeab-015d-46cb-8ec8-113b651c62ac,Avatar,2009,3,9
a6296060-c23a-4b61-92ba-60fe2ac88b45,Precious,2009,2,6
cd8de4a7-6d7c-4210-85f7-51cf40ff9072,Up,2009,2,5
9bc516fa-2ece-4998-b14e-b740c7e83de0,Crazy Heart,2009,2,3
6a57275e-e383-4414-8ae2-58f103ec73fd,Inglourious Basterds,2009,1,8
37d8e40b-75b2-4bd5-949e-0e87b600ef5c,Star Trek,2009,1,4
6c250104-2d5d-4c77-b513-11c26923e4ba,The Young Victoria,2009,1,3
9af2135f-da00-4e1b-8c44-d3ef9722effa,The Blind Side,2009,1,2
7d01cd6d-18f1-407f-a256-fd3ce5e544c2,Music by Prudence,2009,1,1
a8406698-2f4f-41da-8b4c-a2ca6984d8ad,The Secret in Their Eyes,2009,1,1
4da5c251-d731-4270-a071-17c4e3f490a0,The Cove,2009,1,1
c6c160f8-cabf-437d-afe8-39a333adb671,The New Tenants,2009,1,1
4d71097f-1cdb-4fd6-b0a8-64433f1fa0df,Logorama,2009,1,1
eacc1ad0-1fbb-450e-b4e9-e899b40b393c,Slumdog Millionaire,2008,8,10
2cc0e36a-3d1a-4744-b910-68d402a674cd,The Curious Case of Benjamin Button,2008,3,13
f835d028-6445-4a8a-ab0f-8bef4629270d,Milk,2008,2,8
15cf0574-dd8b-40c8-9e95-de73287e74f5,The Dark Knight,2008,2,8
9d12263a-95f9-43cf-b3f6-504fafcbf215,WALL-E,2008,1,6
49e9e120-7891-4463-aa98-5bb1ec20e39a,The Reader,2008,1,5
9b54b2ea-86db-4cac-9f76-32458e3bd4e5,The Duchess,2008,1,2
337b62d7-8fc5-465e-a181-e7d904090b7c,Departures,2008,1,1
9cb40256-ba29-48dd-96af-3e96c774ca53,Vicky Cristina Barcelona,2008,1,1
07901c40-0ba7-411f-8e99-9aa6aa65df89,Smile Pinki,2008,1,1
6f7fef7a-442b-4f9f-841a-a0ef21160879,Man on Wire,2008,1,1
540d45fc-922b-4a94-bafe-ca720ef7ea42,Toyland,2008,1,1
a9d2b094-7b32-46be-ac9e-d17ceb854e66,La Maison en Petits Cubes,2008,1,1
0675ae16-2dc0-4b5b-9ff6-79ea24a043f3,No Country for Old Men,2007,4,8
dd965ce1-cea6-4455-9b5f-4ad638f3a879,The Bourne Ultimatum,2007,3,3
97965654-405c-468b-aa6a-6255e2053f85,There Will Be Blood,2007,2,8
169e25e7-4c72-4ee5-959e-a02a833d0246,La Vie en rose,2007,2,3
e2dcceab-8fa0-47f9-9b1e-df7eadf5599f,Atonement,2007,1,7
b277a3d1-1666-4295-8637-2706e010641b,Michael Clayton,2007,1,7
9d552655-e066-4555-83f4-d662762e3f16,Ratatouille,2007,1,5
a740c412-dd9b-4477-9c73-2b9025bd36bb,Juno,2007,1,4
563fe9d2-8959-4292-a017-d0169140001b,Sweeney Todd: The Demon Barber of Fleet Street,2007,1,3
361dac06-bcfe-4475-a8a8-672380c6adb7,The Golden Compass,2007,1,2
23af1ab8-a2b7-49c7-8daf-8328eb9909ef,Elizabeth: The Golden Age,2007,1,2
886410b5-26d7-4b47-908f-99e7b2a41e40,Taxi to the Dark Side,2007,1,1
05519920-38e0-41f5-9d79-3f1d22adcf37,Peter & the Wolf,2007,1,1
b1b94d77-1379-4dde-a458-4cdc34a1bec2,Once,2007,1,1
01c2c465-6212-484d-8546-9aae7394d4a6,Le Mozart des pickpockets,2007,1,1
e42bac33-de22-4d9c-a3f0-0265f837dc2a,The Counterfeiters (Die Fälscher),2007,1,1
f2df7bc8-2824-4c2e-8f53-36f5318ddbdf,Freeheld,2007,1,1
a7c358e3-55f8-4817-ae84-df85b4467e15,The Departed,2006,4,5
4463bbb8-c08d-48bd-b332-4a70a1dae4d6,Pan's Labyrinth (El laberinto del fauno),2006,3,6
afdd9ad5-fb80-4df3-a143-daa0efbce922,Dreamgirls,2006,2,8
18b90e71-5f86-4127-9a7b-fdf775c9c4dd,Little Miss Sunshine,2006,2,4
8a9e1c43-039b-4356-a2f9-f35cbf153b7e,An Inconvenient Truth,2006,2,2
8ed0e96b-c8ba-4d98-befc-980d7bccd164,Babel,2006,1,7
f5893f93-8c87-4677-b11c-76d5ce967753,The Queen,2006,1,6
c023389c-d1e3-4ac2-b0f4-a617a3a06751,Letters from Iwo Jima,2006,1,4
b2d42327-2fa7-4f97-8e2e-b48fd7d13149,Pirates of the Caribbean: Dead Man's Chest,2006,1,4
722aa0c3-20ad-4104-b2ca-db98d772a92c,The Danish Poet,2006,1,1
c6d6df0d-adae-4dc6-9275-66f153282da9,Happy Feet,2006,1,1
10e523c0-6fc8-4580-91d1-9f8fc99d3e64,The Last King of Scotland,2006,1,1
2f7da0e4-8fa8-4876-aa16-7c7133a1f8c1,The Lives of Others (Das Leben der Anderen),2006,1,1
92e78867-bf69-430e-97ff-a5d55a6bd088,Marie Antoinette,2006,1,1
76c9cd05-ae92-451c-967e-eaeae6961b3d,West Bank Story,2006,1,1
c0b244b0-2cee-4639-a3b6-fd18f67b271a,The Blood of Yingzhou District,2006,1,1
5b565215-df56-450a-bcad-d3477d17a99d,Crash,2005,3,6
78d44436-58f6-48c3-9b1f-2a0c17e0adb4,Brokeback Mountain,2005,3,8
b3060a19-8587-4d9a-b99f-19eaf2f51ab5,Memoirs of a Geisha,2005,3,6
f135b518-a65c-4724-beba-4decb12f5035,King Kong,2005,3,4
fd35b08a-07f8-45c0-a15a-eee9a3b86080,Capote,2005,1,5
4742027a-3c9e-4fda-a7f1-60b282d91a2a,Walk the Line,2005,1,5
d03243f8-5eca-4701-a563-a13b968e54ba,The Constant Gardener,2005,1,4
740edfb0-bff9-4e46-ad35-fed706d4c89a,"The Chronicles of Narnia: The Lion, the Witch and the Wardrobe",2005,1,3
b81cfb0b-3913-4f9f-8d8a-aa2021f77826,Hustle & Flow,2005,1,2
8244fedd-4880-422d-b97f-f2ee1c18829b,Syriana,2005,1,2
29b7024f-dc66-4715-b993-dff91bb80997,March of the Penguins (La Marche de l'empereur),2005,1,1
89452978-28b1-49bf-bfe8-ae1d36669416,Six Shooter,2005,1,1
3ddf21f4-1199-4316-8183-a27ffb5ac1d1,The Moon and the Son: An Imagined Conversation,2005,1,1
ad972276-aa98-4679-94e7-779ebba40312,A Note of Triumph: The Golden Age of Norman Corwin,2005,1,1
91857eee-1e5b-449b-af0a-0353a618543d,Tsotsi,2005,1,1
4cf1f93b-4da5-4e9e-937a-0a19fc71f142,Wallace & Gromit: The Curse of the Were-Rabbit,2005,1,1
6d25e9ad-9e3f-48a0-8394-3280c0307bbd,Million Dollar Baby,2004,4,7
48a8d2fa-bff1-491b-a0af-3a69e5c87c02,The Aviator,2004,5,11
64da7061-cd0a-4658-b626-9abfc4188e16,Ray,2004,2,6
07f593c0-474b-4bd9-ba1a-165a07b9a34a,The Incredibles,2004,2,4
10dcacde-0c44-4d2c-9d1b-ef3567453c0b,Finding Neverland,2004,1,7
c264730a-862f-4bec-bc11-ff7cb0c29823,Sideways,2004,1,5
b7995b0b-4467-4fd3-a407-31e9d04813c9,Lemony Snicket's A Series of Unfortunate Events,2004,1,4
60122c08-5435-44e4-b498-3b446b879495,Spider-Man 2,2004,1,3
6e012717-4160-4f5e-890f-290f1fd37b6e,Eternal Sunshine of the Spotless Mind,2004,1,2
2f849c50-19ef-43c7-ae8f-433f69f43257,The Motorcycle Diaries,2004,1,2
08a41b3b-3516-49bb-a32d-8626824124ec,The Sea Inside,2004,1,2
b15773ed-06b0-4237-9369-f1be1a6de070,Born into Brothels,2004,1,1
97f9a3f3-77e8-49ff-a7bc-ad9be9d95f1d,Mighty Times: The Children's March,2004,1,1
e3b58aea-b871-49d6-88e0-94d3da09d739,Wasp,2004,1,1
5c04df74-fb96-4e18-9e1d-9ad7d8fb240b,Ryan,2004,1,1
40696f79-9ab9-4018-b840-e8eb2b56ba30,The Lord of the Rings: The Return of the King,2003,11,11
d6c3394e-bec4-42f5-9fd6-2d0bebc757b9,Master and Commander: The Far Side of the World,2003,2,10
3e801785-b3c7-4d52-af98-1ddbeceebb0f,Mystic River,2003,2,6
984f07f4-77fd-44fc-ae39-6eec6abeb0f4,Cold Mountain,2003,1,7
6bfb54af-2d79-4666-91a2-084805b64e1f,Lost in Translation,2003,1,4
20f626b7-6026-477e-b0cc-12b21c951db2,Finding Nemo,2003,1,4
87663927-3d63-4191-ba82-f2f3ccd01f4d,The Barbarian Invasions,2003,1,2
bac91ece-6cf4-4cf2-9c37-dc1e229b4ec6,Two Soldiers,2003,1,1
0e6ceb7a-f049-4192-901b-95bd2e742c39,Monster,2003,1,1
9cb35f5b-3ae2-4caf-b246-7d493a1bbe70,Harvie Krumpet,2003,1,1
9c2fcc7a-e2ec-4759-9c6c-a1c7372827ab,Chernobyl Heart,2003,1,1
6369a0c7-7628-4a60-8a73-ba2b218bac20,The Fog of War,2003,1,1
522735e1-f678-49b4-8167-1a0b442ba87c,Chicago,2002,6,13
960a5616-a609-4cb1-9f26-730fe631d890,The Pianist,2002,3,7
ca9e0dd9-f6e3-4ee5-97ce-12b99deef83e,The Lord of the Rings: The Two Towers,2002,2,6
1e97bcc6-8631-4eaa-a595-e07fb3ad6d0d,Frida,2002,2,6
e3111114-54a3-4175-a137-e3e891cbe9e2,The Hours,2002,1,9
b6b7e191-eeb2-441e-93f7-633c5c53268b,Road to Perdition,2002,1,6
e59da163-1448-4d7c-a372-9415fee13ebd,Adaptation,2002,1,4
a348b600-3051-44b7-96f3-7c786267382d,Talk to Her (Hable con ella),2002,1,2
ff4463fa-2f0d-476e-a0d6-6fa6542b5e26,This Charming Man (Der Er En Yndig Mand),2002,1,1
50dc0062-8ad4-455a-b82d-6f1fca9fc76f,Spirited Away,2002,1,1
3956607d-00d1-498b-bda8-e618a8180096,Nowhere in Africa (Nirgendwo in Afrika),2002,1,1
2548ce87-2bac-4dd4-baf8-88eab8acd4ca,The ChubbChubbs!,2002,1,1
1976d473-bc21-4eb2-bbfb-e1c680566d85,Twin Towers,2002,1,1
6d766121-6bb9-44eb-b01c-6beb4fca4424,Bowling for Columbine,2002,1,1
6f797eda-7ecf-47e5-9d85-39d4ed8c92b3,8 Mile,2002,1,1
651ed1a9-8fb8-408a-96cd-920716dc04cb,A Beautiful Mind,2001,4,8
b8ad4b04-2ae2-4761-9c34-b708be44a2ac,The Lord of the Rings: The Fellowship of the Ring,2001,4,13
f5042b29-d427-4ff6-9235-9866e162d491,Moulin Rouge!,2001,2,8
5540774a-1356-49fb-b040-8f81b6cdf75a,Black Hawk Down,2001,2,4
0dbd62a4-c420-49a6-b03e-8bca8b8251cd,Gosford Park,2001,1,7
f0ea82eb-a8aa-4b35-bafa-8bc50eb49d1a,"Monsters, Inc.",2001,1,4
fbc577dc-61d9-45f8-a0d3-a2eba91821b5,Pearl Harbor,2001,1,4
2bac0068-0aa1-4e33-900f-d4e4aaead84c,Iris,2001,1,3
a2d767f7-016b-4edf-8f36-24b3e43f391c,Shrek,2001,1,2
bc9d22ea-1425-4a1a-8d66-7c5c66266914,Training Day,2001,1,2
2dce8295-6708-4984-bffa-2cadac404ac2,Monster's Ball,2001,1,2
8f69d112-372f-4ecc-b1a6-61f3eebfcde1,Thoth,2001,1,1
15e2b67b-b871-4c93-87b6-3c2a6e558a49,For the Birds,2001,1,1
f85b34f8-6db9-4dc8-bfb2-be4a75201d87,No Man's Land,2001,1,1
b9a3845b-3d8c-417a-8b5f-a0d40b06f314,Murder on a Sunday Morning (Un coupable idéal),2001,1,1
43e96aee-7669-4f77-81f1-da136dd1ec0f,The Accountant,2001,1,1
feddd986-dc3e-48ee-8085-1bbef185c542,Gladiator,2000,5,12
549298b9-d209-490c-b2f9-c02996b73e54,"Crouching Tiger, Hidden Dragon",2000,4,10
a08a496c-c0e0-42f8-8f12-dfdf52157dae,Traffic,2000,4,5
081b4519-f5e5-4885-bbb1-2a8b24b9e330,Erin Brockovich,2000,1,5
6f483a6e-4313-4127-afab-8c66d4f84211,Almost Famous,2000,1,4
ddd34251-20a7-42f8-ad57-6ae1b6bc0134,Wonder Boys,2000,1,3
61204fa1-e576-44b6-819c-07ba9e6e1712,How the Grinch Stole Christmas,2000,1,3
1a783225-06ab-4018-bbf9-2bc6c2a7b042,U-571,2000,1,2
4a78f2bf-c1c1-4f06-8c7e-e177ea4866ea,Pollock,2000,1,2
dfd464a7-885d-4a41-a31b-41e0e5d415dc,Father and Daughter,2000,1,1
1e075e5a-9b51-4161-8c16-44e5e3e7f654,Into the Arms of Strangers: Stories of the Kindertransport,2000,1,1
04840221-8939-4f44-a965-bf5eb27c335f,Quiero ser (I want to be...),2000,1,1
6c11e741-0046-4f3e-bf66-1a009e8702c2,Big Mama,2000,1,1
d4396ca9-b913-4a75-92e5-5f5b5f32a641,American Beauty,1999,5,8
6031a626-7c0e-4ba3-8576-1ee941964800,The Matrix,1999,4,4
9bc617f6-b897-4b91-8529-533aa893cd46,The Cider House Rules,1999,2,7
3e6e9182-f4eb-4a6f-92b5-bdc6e05a1115,Topsy-Turvy,1999,2,4
5e03baae-a7e9-4b2e-bba3-d38d16b8b13c,Sleepy Hollow,1999,1,3
6c6dacf4-4c66-48a5-abe0-32f3439266b8,Boys Don't Cry,1999,1,2
fab89034-7555-474f-8079-2921cd99c65e,Tarzan,1999,1,1
5b20e939-09b0-4817-90a4-dd6e2b6f04c3,One Day in September,1999,1,1
73b4010a-73e8-4c02-a5f5-e3b6bfebcf4e,The Red Violin (Le violon rouge),1999,1,1
ae210484-ffa8-4cfb-960c-99a14e076d29,The Old Man and the Sea,1999,1,1
d818daf1-b522-4814-8a11-d0b593f62117,My Mother Dreams the Satan's Disciples in New York,1999,1,1
d4d3ade0-a944-41b8-b7e9-3745a1e417d3,King Gimp,1999,1,1
29fffb14-24c8-4127-98fa-d7609d162a93,"Girl, Interrupted",1999,1,1
0355ac07-36dc-48e7-9eae-c6552b3e4acc,All About My Mother (Todo sobre mi madre),1999,1,1
f8dce844-34a3-4920-a1e5-004b1e41703a,Shakespeare in Love,1998,7,13
a77bc3c1-2e7b-4bb4-90ca-fb57a6ce2188,Saving Private Ryan,1998,5,11
9f0862d9-b349-41e8-b972-25090e332b7e,Life Is Beautiful (La vita è bella),1998,3,7
076df3d2-d8c0-4efa-b3a0-27ed185ad61a,Elizabeth,1998,1,7
a29261d5-3fd5-4faa-962f-ee73573536c9,Gods and Monsters,1998,1,3
222ae88f-4fd0-4829-be2f-fae2ea3f7733,The Prince of Egypt,1998,1,2
1e0a66ea-b8cd-4b1f-a32b-2905f30df02a,Affliction,1998,1,2
fe4f9d9d-bbf8-4b7a-b44a-48e92fb10642,What Dreams May Come,1998,1,2
4808f23f-9f2b-4a03-aa58-750ec282051a,The Personals,1998,1,1
738d83c2-c5d3-44eb-93c2-6d43b4e12b1c,The Last Days,1998,1,1
21244181-1386-4da0-97a1-ba9e60718bc4,Election Night (Valgaften),1998,1,1
e641aa03-b5de-4c6c-be1d-317dad158971,Bunny,1998,1,1
b04ed476-fb7b-4d9d-8805-afbfe5ab3a66,Titanic,1997,11,14
6654ebad-e95f-42e9-8a59-bc7b8f9c69a8,Good Will Hunting,1997,2,9
d881ca38-4565-43a0-bfb5-059bc770820c,L.A. Confidential,1997,2,9
bac22809-d016-407d-b4d8-38674d2cf0b2,As Good as It Gets,1997,2,7
1fc46911-b0cf-4b03-8290-c3821edbcf88,The Full Monty,1997,1,4
4ee6cff5-106b-4b01-83fa-28c36e9f7a86,Men in Black,1997,1,3
22911085-cb49-4c65-931d-247d75c8bded,Visas and Virtue,1997,1,1
a29b2ec2-db92-414d-93e2-e1d1c81758f6,Character (Karakter),1997,1,1
26778c66-9f66-4394-89bc-c117333253f1,Geri's Game,1997,1,1
f189f303-be0f-491d-9d32-a90b5f745efb,A Story of Healing,1997,1,1
d8a257ce-4080-4584-823b-af0c54cc2a74,The Long Way Home,1997,1,1
2dfa4a04-9537-4992-89c4-876c5ca1052d,The English Patient,1996,9,12
496c2766-3ac4-425d-8f45-a5db68cecc61,Fargo,1996,2,7
042dfbc9-c915-4619-8f4d-d140d1c2ee2a,Shine,1996,1,7
040cec58-9f1e-437c-9c0e-0a1c921c7906,Evita,1996,1,5
fd50fe8a-285b-4316-b1f8-9dc98ada6112,Jerry Maguire,1996,1,5
f7a92819-2cad-45c3-89c3-3276a5975fad,Independence Day,1996,1,2
db820b43-d784-440a-8405-d7ef94500800,Emma,1996,1,2
ee019a1d-21e2-42a0-8cad-4feec386f634,Sling Blade,1996,1,2
ccef4a86-42bd-4d32-9c81-6b852fd8a153,The Ghost and the Darkness,1996,1,1
2de6b9b6-ead0-4b7e-a073-34186e826872,Kolya,1996,1,1
4e8978ad-7e4f-429f-8325-5325b1e374f0,The Nutty Professor,1996,1,1
848d2894-84a2-4ca6-8a36-3be5ddc8d37a,Quest,1996,1,1
472299c9-8a4d-4ae9-82e3-701eecb80a30,When We Were Kings,1996,1,1
a4557ef8-6660-42e0-87dc-7e16c51525bd,Breathing Lessons: The Life and Work of Mark O'Brien,1996,1,1
c1f9b81c-4ab4-4f64-a5c9-7ce789513930,Dear Diary,1996,1,1
d00cea01-dbdb-4856-8faa-fca311e1cf65,Braveheart,1995,5,10
7983596d-45e6-4fd5-a9bd-e7e1908253e5,Apollo 13,1995,2,9
bdb99283-50bb-49bf-85a9-00dc95a60093,Pocahontas,1995,2,2
86fe5b22-8780-49d2-9a6b-d42e7b2a6202,The Usual Suspects,1995,2,2
92e35533-762d-40c4-b59f-9cf8e937b14b,Restoration,1995,2,2
f6791919-3fa3-45d4-9138-b9a062d9329d,Babe,1995,1,7
fb3d51df-f901-4e19-96c4-eb8f3d720ecb,Sense and Sensibility,1995,1,7
7e682696-2880-4c5f-a50a-721b8567d855,Il Postino: The Postman,1995,1,5
7ed91dae-fdfc-4b46-8019-3ce523a7c5d0,Dead Man Walking,1995,1,4
defe0681-d0ba-4fd0-a69a-f0b664f509eb,Leaving Las Vegas,1995,1,4
e9f4c9b7-365d-45a9-bb48-02a13a26e0d7,Mighty Aphrodite,1995,1,2
2523a817-7a1d-4388-b405-4c25fecb4767,Anne Frank Remembered,1995,1,1
8a982f3a-4443-4fea-840c-fc09d314fbf6,A Close Shave,1995,1,1
052e5a87-d6ab-43f5-a443-52c9f726555b,Lieberman in Love,1995,1,1
3f63e7b4-9352-4586-93b1-e09b954b9c90,One Survivor Remembers,1995,1,1
e7197162-acc6-40e2-8e4a-8d2e4fa76a4b,Antonia's Line (Antonia),1995,1,1
1d2c6c78-eb9d-44e0-b482-3fcdbc420aa3,Toy Story,1995,0 (1),3
da1e63f6-e2eb-43aa-9dc4-84502835e7ca,Forrest Gump,1994,6,13
68792b7c-149d-4107-83b9-6f7003a2e26b,The Lion King,1994,2,4
4dd0d16c-9c81-40d0-b2f4-0b6d2bc4db9f,Speed,1994,2,3
f4c191f3-fbaa-43a0-9100-4350aa047d35,Ed Wood,1994,2,2
8c873443-bb16-46f8-a545-d9fc1dcf1dea,Pulp Fiction,1994,1,7
6556dcea-ec7c-4cc1-80dd-850423b5163f,Bullets Over Broadway,1994,1,7
788183d8-cf49-49be-829e-d921cb92e6f5,The Madness of King George,1994,1,4
b2e4117b-20b4-4fba-ad26-8398cd5213d5,Legends of the Fall,1994,1,3
edafa7a0-5768-461a-8406-565ba39d72d3,A Time for Justice,1994,1,1
f80df9c4-a544-4280-ad2a-eba459bf7c1e,Franz Kafka's It's a Wonderful Life,1994,1,1
e1da831d-4cbd-435f-8d70-9d1b4824be65,Maya Lin: A Strong Clear Vision,1994,1,1
90fa6103-db6d-4bf5-96ec-af1af1a224a8,Burnt by the Sun (Utomlyonnye solntsem),1994,1,1
a916f89d-fd70-4c91-85cf-9562aa1a38e2,Trevor,1994,1,1
4b0415c7-a40f-422c-a3f9-e10c79a7a7cd,"The Adventures of Priscilla, Queen of the Desert",1994,1,1
316361e8-c119-4f77-ab6f-621424596605,Bob's Birthday,1994,1,1
a1403126-5920-4405-b1d8-68b39452ee50,Blue Sky,1994,1,1
94c794e5-91a1-47da-9008-ecfb62de6ca9,Schindler's List,1993,7,12
da2ea633-2717-4c95-85a2-a1a250bd6eb7,The Piano,1993,3,8
8a0d072c-7f74-49ab-a964-ae13ae7261bb,Jurassic Park,1993,3,3
38ed5087-a317-45e3-a7f7-925346438be1,Philadelphia,1993,2,5
4e18139e-55a8-4a77-bf1e-50ba27e94b39,The Fugitive,1993,1,7
ee3a6d97-6645-4cb0-bc3f-35e908ac1346,The Age of Innocence,1993,1,5
37bb75b7-d830-4893-9200-e6bfbbd8a3c1,The Wrong Trousers,1993,1,1
b41a49a9-99d4-4c25-a1c9-81b6dfd0e38a,Belle Epoque (The Beautiful Era),1993,1,1
1e4d5ee0-d98c-40a5-80e8-280e7d90a40e,I Am a Promise: The Children of Stanton Elementary School,1993,1,1
be698fe3-95ae-4fb5-a27e-a0349268c93b,Mrs. Doubtfire,1993,1,1
90bfb7b3-1d51-40a1-912c-9afe9be4d0b3,Black Rider (Schwarzfahrer),1993,1,1
3a304344-1519-4133-aa43-51b5347ef243,Defending Our Lives,1993,1,1
895755cb-8a13-48cc-bd75-b44739d2446b,Unforgiven,1992,4,9
3b036fc9-6fef-43d1-b801-2c41176e6e70,Howards End,1992,3,9
cfa0e55d-4e23-48de-bda0-94defb77708b,Bram Stoker's Dracula,1992,3,4
9be9fc50-f01c-475c-bc98-630067c7fdb4,Aladdin,1992,2,5
70616452-c373-4ee3-81c3-c41041915bc1,The Crying Game,1992,1,6
a8a8fa31-bc8f-4559-88a2-941361371f69,Scent of a Woman,1992,1,4
d20b0296-c4a0-4f80-90ed-1be31d36139d,A River Runs Through It,1992,1,3
44dc3252-c2bb-489f-b592-a46e0aebdec2,Indochine,1992,1,2
0eb367bc-f3f6-4269-a7ac-320e772e60e9,My Cousin Vinny,1992,1,1
a59da8f9-2bab-4c62-92e2-d4965ad3f103,The Panama Deception,1992,1,1
e7ccc642-8199-41fd-b94a-a918a25826ff,Educating Peter,1992,1,1
35087b5f-3eae-4d5b-9107-d16df4d80565,The Last of the Mohicans,1992,1,1
69568afc-cd20-4cb4-bd0d-07fbe512abd1,Death Becomes Her,1992,1,1
d1bb5d0b-0050-4e86-93da-e933a56a0c49,Omnibus,1992,1,1
920d5b5c-7956-4174-aecd-95c1e0ccdf17,Mona Lisa Descending a Staircase,1992,1,1
c8996b5b-6b8e-412b-8841-7dd15464c3dc,The Silence of the Lambs,1991,5,7
485f2c44-8863-4f88-94d9-897bf387d267,Terminator 2: Judgment Day,1991,4,6
1c192e98-3156-4f28-a635-8b7fee6ce14d,Bugsy,1991,2,10
ded2be29-08da-4c73-9df8-7b742aacf1dc,JFK,1991,2,8
0aa8367d-dd1f-4bc0-932a-df28ffdbd681,Beauty and the Beast,1991,2,6
0e81ec4f-56d3-424b-9af6-ecfcf90bc304,Thelma & Louise,1991,1,6
74cb3802-a0dc-42b7-9515-b805b76c6b49,The Fisher King,1991,1,5
f1e738ba-04c5-4ad4-93ec-0d0b6a1c5406,In the Shadow of the Stars,1991,1,1
e0ed4ff1-b391-488c-bb5e-b161248110dc,Manipulation,1991,1,1
f1c9c75c-c9de-4662-98fd-56f7568ce578,Mediterraneo,1991,1,1
9d8a72d1-89e7-4442-898b-c8b80a6bc11e,Session Man,1991,1,1
85a79eb6-81bb-4a6e-98c3-46c8ea96fa13,City Slickers,1991,1,1
d41e23b8-fca0-4226-9bec-c4707e660f2e,"Deadly Deception: General Electric, Nuclear Weapons and Our Environment",1991,1,1
7dcab759-5e3b-4f07-a201-00d254fa9b12,Dances with Wolves,1990,7,12
d29d6586-2d9e-4dfb-b659-7301d172ccea,Dick Tracy,1990,3,7
99a24419-83da-47d0-ab73-c2ce65a0c1c5,Ghost,1990,2,5
ba23c5b6-b4a1-4c70-a736-adbd51f8b3ff,Goodfellas,1990,1,6
eeea6ca7-5039-432e-99b7-367651b69f12,The Hunt for Red October,1990,1,3
f3053191-495a-4d4c-96c4-79251177066a,Reversal of Fortune,1990,1,3
c60d7785-54d5-4a97-b7d1-8430a8989162,Cyrano de Bergerac,1990,1,5
39545706-1c9e-44e2-bc87-e5ea95e9e7dd,American Dream,1990,1,1
6b44d30f-ffff-48d9-a98f-011aebdc6471,Journey of Hope (Reise der Hoffnung),1990,1,1
dff0ce35-da2f-43dc-a806-cc8c26625579,Days of Waiting,1990,1,1
b6337e7b-f8ef-42f5-b8f8-450f94e45ff8,Creature Comforts,1990,1,1
5b945944-978b-4891-ad10-93d987224f77,The Lunch Date,1990,1,1
50747e06-11ff-4312-87a9-f3cdcbd6116c,Misery,1990,1,1
c7bfcec7-745f-42f3-bd99-992c57a2909c,Total Recall,1990,0 (1),2
44671529-5782-4807-913e-cfe8d16139ad,Driving Miss Daisy,1989,4,9
08c930b9-03e4-420d-9e34-4e6f2a869445,Glory,1989,3,5
73fdda39-1471-4e6c-ae24-145a30287292,Born on the Fourth of July,1989,2,8
798f4abc-c8c1-4bdf-ad59-44b962c7ecd2,My Left Foot,1989,2,5
3ff65f20-b30d-40cf-b4ae-d0aae680c638,The Little Mermaid,1989,2,3
2aeb6cda-2964-4752-801d-01585a2fe57e,Dead Poets Society,1989,1,4
4a825661-6670-4880-972d-6cf5775d9572,The Abyss,1989,1,4
8b581dd6-7ee9-4bb3-893d-26afe6080cae,Indiana Jones and the Last Crusade,1989,1,3
df39be81-2c41-4c55-bf75-befced6b72db,Henry V,1989,1,3
b6e99e9d-1e55-44a7-ba2e-c669e60d17c2,The Johnstown Flood,1989,1,1
ac8d4ac6-46df-4b59-a0ea-44c3c2530577,Common Threads: Stories from the Quilt,1989,1,1
e1034755-e1c0-4c5e-b248-11006024a68c,Cinema Paradiso,1989,1,1
14f95de1-6560-4e5b-b071-e926bd3ba9fb,Work Experience,1989,1,1
d894b909-40b8-4f47-9f6a-963177f643c9,Batman,1989,1,1
15a77220-3759-45c9-a5b9-32ca90affb31,Balance,1989,1,1
d5c00658-def3-49fe-bffd-adb003108759,Rain Man,1988,4,8
939f277d-c161-4b49-923e-d2163e333248,Dangerous Liaisons,1988,3,7
087c9ea8-b0bc-422c-af3e-4621ab56e372,Who Framed Roger Rabbit,1988,3 (1),6
26db6310-ba1d-490d-a5cc-2f23e60685f7,Mississippi Burning,1988,1,7
00c834a8-3802-432f-bcad-be9768bdd08e,Working Girl,1988,1,6
7cb721e9-003a-4618-8bae-66eafffc8cc9,The Accidental Tourist,1988,1,4
3744d8ba-b8a4-418e-9255-50a627210ba2,A Fish Called Wanda,1988,1,3
5385deb0-03fd-4a81-af0b-a56b62c92aa5,Pelle the Conqueror (Pelle erobreren),1988,1,2
e2b8e1c5-217b-47c1-a100-562b68860b2a,The Accused,1988,1,1
93348865-8c58-41ff-ad63-548c78fc4d00,The Appointments of Dennis Jennings,1988,1,1
2aaed695-9fe2-4424-ba62-dca77f859bde,Beetlejuice,1988,1,1
a6877f7b-d898-40bb-85b0-7e481937cf8f,Bird,1988,1,1
ff86bc5f-e129-446c-bd00-60282ee6e314,Hôtel Terminus: The Life and Times of Klaus Barbie,1988,1,1
990137cc-dabb-432c-ab6e-541c76eed387,The Milagro Beanfield War,1988,1,1
1c523bb4-a917-455c-a94e-6ae51eb7f5a9,Tin Toy,1988,1,1
238179e2-ffc0-462b-a98a-994cb4dffbaf,You Don't Have to Die,1988,1,1
25d1e401-5a10-46d5-a8ca-fd5be8f0d3fc,The Last Emperor,1987,9,9
dfb3e307-831c-4194-b469-f3dbb5706739,Moonstruck,1987,3,6
f90e31d8-c097-49ca-9ebf-d63d7cc69a89,The Untouchables,1987,1,4
87ae54f9-ab32-448b-844e-01ae7f1496ca,Babette's Feast (Babettes gæstebud),1987,1,1
5a995dea-06d5-4c86-b155-eebde1a7cc8f,Dirty Dancing,1987,1,1
b3ea825c-e3fc-4ae4-8564-591356ba6e11,Harry and the Hendersons,1987,1,1
d17a83fa-0a21-4d45-862a-c1f439d076c8,Innerspace,1987,1,1
7134281a-62d6-47c9-b26c-a80ee685f3a0,The Man Who Planted Trees (L' Homme qui plantait des arbres),1987,1,1
f4838317-53da-4bfa-a2be-edb083a91839,Ray's Male Heterosexual Dance Hall,1987,1,1
ba622892-be0c-4711-9c75-d29134539a74,The Ten-Year Lunch,1987,1,1
87860973-ac18-423b-99ad-3a3b67adccdb,Wall Street,1987,1,1
ec94711d-5b6f-4a8e-b21e-1db2bafdeb89,Young at Heart,1987,1,1
edc5dc67-3d4e-4b64-ba83-babc97e1d0ff,RoboCop,1987,0 (1),2
d3425e6c-8e99-4256-9b04-d961257e3dd9,Platoon,1986,4,8
a191db33-9f50-4149-8786-4dd5e451fdff,A Room with a View,1986,3,8
490f917d-ed44-42a8-a15a-5ae5d1a5ba7b,Hannah and Her Sisters,1986,3,7
dbc67035-7ca5-452a-9792-38d9ef25aefa,Aliens,1986,2,7
93786e06-d946-427b-8cab-5001ef69eedb,The Mission,1986,1,7
ae9939b8-910c-4f69-b73f-bdbafb1b2ec9,Children of a Lesser God,1986,1,5
cc0789f5-08c4-45eb-84d8-b5af238da29e,The Color of Money,1986,1,4
4003a143-9d4e-4050-a14e-485ee555eb80,Top Gun,1986,1,4
1053e78d-4a48-406c-867b-b85ccf926096,Round Midnight,1986,1,2
1d4e9294-bf3a-403a-8bdc-7e040cebf56c,Artie Shaw: Time Is All You've Got,1986,1,1
652c89e1-00d3-44d5-90c7-095fef39ecd7,The Assault (De Aanslag),1986,1,1
5113493a-c597-4767-af3b-5ece00e75088,Down and Out in America,1986,1,1
77dbd1d9-2518-40f9-8de6-d41bd3fa7c62,The Fly,1986,1,1
7bf34a80-88ad-40d6-bb16-0a54d09b4001,A Greek Tragedy,1986,1,1
d02b5791-dfa3-4fa9-8db0-7639969432b5,Precious Images,1986,1,1
393c61d5-836f-4ca8-8402-a57e4385ef7c,"Women – for America, for the World",1986,1,1
737f259f-1441-4c9a-a514-3d33bf835efa,Out of Africa,1985,7,11
0b7f0468-df48-42eb-9319-69d3a170731b,Witness,1985,2,8
3819d89d-4102-4386-b671-db4ba6e79ed9,Cocoon,1985,2,2
544cbdfe-aa73-471c-87b6-cd94f22019e0,Prizzi's Honor,1985,1,8
39faec45-3cc3-4400-9b04-b5030ac7baf3,Back to the Future,1985,1,4
920032b7-2911-4ee4-9e43-3e39ec208876,Kiss of the Spider Woman,1985,1,4
b55fc4b4-7998-40ca-89b9-9b341c18e46b,Ran,1985,1,4
d5ffc227-8ec3-4591-87c4-0af326bf184e,The Official Story (La Historia Oficial),1985,1,2
f514c871-0706-4707-8bd4-93748dff0cee,The Trip to Bountiful,1985,1,2
ba81084e-1c70-4a02-aff0-08cf9ecb1d73,White Nights,1985,1,2
01d54ae8-9ec5-4aeb-9574-1db9f2ebc942,Anna & Bella,1985,1,1
043a378d-f153-4b54-9fec-480e18a558de,Broken Rainbow,1985,1,1
1cda68e2-32d0-46ed-b398-662749c9c666,Mask,1985,1,1
ef97ff7a-f054-4bc0-b6b6-98569de0aa6c,Molly's Pilgrim,1985,1,1
648c6f69-9124-46e0-999d-0bf9b292253b,Witness to War: Dr. Charlie Clements,1985,1,1
06411757-5cdc-40c8-aa39-95191dffa903,Amadeus,1984,8,11
3592f14b-97fc-4530-8a5c-b1a4708b25c2,The Killing Fields,1984,3,7
fd2fe12f-fc0a-471a-a92c-cfce7e216924,A Passage to India,1984,2,11
f61221db-f8d1-4fd5-8375-600fc432e7bc,Places in the Heart,1984,2,7
8a07a8b3-3e5d-44ae-aa8e-f995e72e234b,Indiana Jones and the Temple of Doom,1984,1,2
0ae4b0e8-057e-4764-9fa6-74322b81693b,Charade,1984,1,1
786c2042-4090-4be4-94e0-af7d87106dff,Dangerous Moves (La Diagonale du fou),1984,1,1
563ed49a-c81c-4e6a-9d4e-cc739e5515ce,Purple Rain,1984,1,1
c9dec89b-6fb3-46f4-b4ff-6bbdea212fde,The Stone Carvers,1984,1,1
4b16c785-5853-4344-bbe5-fa89b04b41ac,The Times of Harvey Milk,1984,1,1
5baea552-93f1-4ea2-8e38-24dd383cce64,Up,1984,1,1
9aeec7a5-0c82-45fb-8878-e08407dae464,The Woman in Red,1984,1,1
451072f6-ff67-4cee-b172-d0f60c8109e4,The River,1984,0 (1),4
e2b6dca2-7333-40d2-84cd-fc2ec8ee7a11,Terms of Endearment,1983,5,11
ced35ffd-b9b3-401f-89e6-ad90892ec320,The Right Stuff,1983,4,8
ccc42070-6506-4c5a-824c-a4c1036e6350,Fanny & Alexander (Fanny och Alexander),1983,4,6
f7608d58-5481-4ef7-8559-873d9e1b08ec,Tender Mercies,1983,2,5
514fe1e0-ebf5-4f8a-82d0-851dc7a27009,Yentl,1983,1,5
224231c4-5e96-4633-ab7b-a989d0cbd8d4,Flashdance,1983,1,4
c023519b-f18e-4b95-a374-7a8c3f8b7c37,Boys and Girls,1983,1,1
cb142828-34df-41b2-92f8-4324cedcdd26,Flamenco at 5:15,1983,1,1
b902c4dd-dfd3-44bf-965c-2da46b97aec9,He Makes Me Feel Like Dancin',1983,1,1
4cb94371-714d-4bfa-909a-2407bb127ced,Sundae in New York,1983,1,1
13aae8d7-65fe-46b3-b81a-adcdd90ce0aa,The Year of Living Dangerously,1983,1,1
6fafd00e-2391-4f4a-bdcf-6369460bbf16,Return of the Jedi,1983,0 (1),4
1fa48739-9a57-40ff-8777-33edf91de135,Gandhi,1982,8,11
0b7a44a5-2387-4039-b2c4-b2939fbf5e8a,E.T.: The Extra-Terrestrial,1982,4,9
64cd2685-5945-47c1-a07b-0f22580927fb,An Officer and a Gentleman,1982,2,6
346192e4-8036-4116-ad25-a70c57d794d9,Tootsie,1982,1,10
35920d51-3627-49f9-81f1-6cf57bcf479d,Victor/Victoria,1982,1,7
de625f01-4d4f-49f8-b635-e89cc653600d,Sophie's Choice,1982,1,5
f6c4a0d8-d259-4df2-8ce4-8ef52ead6bd2,Missing,1982,1,4
9586aef1-0ec1-4ba5-bfd2-0012d2b26205,If You Love This Planet,1982,1,1
25092cfb-377e-42fd-9294-dba07e4b35cb,Just Another Missing Kid,1982,1,1[2]
2d88048c-f954-49c7-a69c-44c4bc595802,A Shocking Accident,1982,1,1
9a89024b-3dff-47eb-8653-23d12d50375c,Tango,1982,1,1
f316c9ce-37ee-4334-81a2-934d75c2ed6d,To Begin Again (Volver a empezar),1982,1,1
7021e680-d390-4bee-99d7-88d2848f5070,Quest for Fire,1982,1,1
d6ffecb4-8f88-4c6f-935a-61370536d7dc,Chariots of Fire,1981,4,7
d0e80a23-d5cd-45b6-8210-e6e7c4f340eb,Raiders of the Lost Ark,1981,4 (1),8
7937fcc9-257c-490d-9cf1-3d37b68c83bd,Reds,1981,3,12
5f73f6ea-7efa-4f9b-9177-eb145ae9d200,On Golden Pond,1981,3,10
7380f451-cdf6-4c85-95fe-7eff717b6176,Arthur,1981,2,4
4e8e7336-ee3a-4f68-9118-1ad4777190cb,An American Werewolf in London,1981,1,1
e829fd58-7133-47b0-a9f7-b67a1d28752b,Close Harmony,1981,1,1
3e59e412-d9d4-495b-b1f2-082e18c2e350,Crac,1981,1,1
e5955ef4-6013-47f7-bbe7-75cdf696a191,Genocide,1981,1,1
9d01241e-1a5c-48b5-b1e4-ad9377ae8353,Mephisto,1981,1,1
5056b37c-b9f6-404e-8a93-eb0b5fb5734c,Violet,1981,1,1
55e1e913-5e5f-4a4b-9c8a-a7ae0a955850,Ordinary People,1980,4,6
5c77ef01-b315-4a31-8b45-2ca2da44f16d,Tess,1980,3,6
87f95865-9562-4c16-b19c-c4823ded26ab,Raging Bull,1980,2,8
d3ad065a-9abf-4d85-86a7-1508462e7f7e,Fame,1980,2,6
ebb85836-62eb-4c46-b7b7-e321d3c8e074,Melvin and Howard,1980,2,3
5ef88bfc-360a-4646-8459-c96df646120e,Coal Miner's Daughter,1980,1,7
847c9bfe-0f2b-4bbe-a42a-4741a9c57818,The Empire Strikes Back,1980,1 (1),3
1630b14e-ea4e-4ad5-bac3-cf53275842ac,The Dollar Bottom,1980,1,1
7cced38e-6482-4085-b0eb-d7c7d440e7eb,The Fly (A Légy),1980,1,1
15c494f8-7fbe-4b86-9499-41f1779130e1,From Mao to Mozart: Isaac Stern in China,1980,1,1
2655ad54-d960-46f3-ba34-83a61f9853c5,Karl Hess: Toward Liberty,1980,1,1
38745805-6067-425f-a7ce-fe176d163aee,Moscow Does Not Believe in Tears,1980,1,1
d1279a30-da25-467c-a42a-2bf32c634737,Kramer vs. Kramer,1979,5,9
8618951a-3c59-4ad5-8c2a-19ac88751d3a,All That Jazz,1979,4,9
377ff275-4d1a-40fa-890c-685a21498e1f,Apocalypse Now,1979,2,8
6c3b76da-64f2-4749-9781-01dd836bc278,Norma Rae,1979,2,4
b2daa365-7830-4a6f-8067-cf5fefb97b2b,Breaking Away,1979,1,5
2401dec6-f16d-430e-83a9-905ce9deeeb9,Alien,1979,1,2
1e6804d1-bf38-4bbd-9ffe-63a02db74d0d,Being There,1979,1,2
c55e0b4d-8c30-443e-b6a7-359b1f3a7950,A Little Romance,1979,1,2
47f064fd-8054-4f1a-b449-a0f4554fc96d,Best Boy,1979,1,1
09367398-739f-4a93-a019-8378264f4996,Board and Care,1979,1,1
9c68da5e-56c3-4dbf-8d99-d54acb999f4d,Every Child,1979,1,1
2ca8ed1e-aaa6-44a4-b94d-1ffda622b204,Paul Robeson: Tribute to an Artist,1979,1,1
a38eb567-0828-438f-ae4c-7f592a41546a,The Tin Drum (Die Blechtrommel),1979,1,1
dfcb3650-e677-423a-a0ab-ca664279f732,The Black Stallion,1979,0 (1),2
8a02c074-6924-4f3b-9343-fe978dde413f,The Deer Hunter,1978,5,9
d69e6449-77f5-4025-9ca1-63e3d0ea72ef,Coming Home,1978,3,8
6d95e5a4-c630-44ff-858b-692f1951dfde,Midnight Express,1978,2,6
56e469d3-662a-4fa4-9d38-45dd914e2df5,Heaven Can Wait,1978,1,9
0d996640-ba09-48f2-812f-b3cc03ce7bf3,Days of Heaven,1978,1,4
4b2cf627-d6ab-4f6b-b136-3c639212b892,California Suite,1978,1,3
0b8ff684-5f76-4044-a373-4f33b0e91dca,The Buddy Holly Story,1978,1,3
6bcf0dc0-d64e-4c39-b7dd-c11fc4843e35,Death on the Nile,1978,1,1
62549438-1ff1-4fc0-8bde-9964ad4bdc3b,The Flight of the Gossamer Condor,1978,1,1
9ea82074-8529-4178-a4e0-be490197eaf7,Get Out Your Handkerchiefs (Préparez vos mouchoirs),1978,1,1
241287b3-5398-4be8-97df-c4520f3af469,Scared Straight!,1978,1,1
3246c0e3-a194-493e-80f8-86c695be25ce,Special Delivery,1978,1,1
62f23b6b-351f-4f33-8a46-f440ece09cb2,Teenage Father,1978,1,1
81d29405-fb10-4a20-a0dc-7f173480c503,Thank God It's Friday,1978,1,1
f6f5d95b-4b3f-48b1-8e7b-0f2abd253c84,Superman,1978,0 (1),3
c15f7b5b-f572-446c-ac6c-634ffcb0803f,Annie Hall,1977,4,5
5d8e31b1-6313-4289-9f7e-52e55e4eba9c,Star Wars,1977,6 (1),10
9184af70-2eb3-4640-add3-fc0a52d97897,Julia,1977,3,11
aca2feb3-3413-4965-80f0-62743bc26f01,Close Encounters of the Third Kind,1977,1 (1),8
8c17b3db-1436-472f-89c1-f8b51dcfa1a2,The Goodbye Girl,1977,1,5
122eb166-378b-4868-a570-27477266aa96,A Little Night Music,1977,1,2
ac22d5a0-5853-490d-9675-bc095a5a94d3,Gravity Is My Enemy,1977,1,1
3d2a91f7-6eaa-4bf5-9c58-cd7a4a293df7,I'll Find a Way,1977,1,1
3c902136-0caf-4e9c-a5bc-755eea201bda,Madame Rosa (La Vie devant soi),1977,1,1
251f4bc3-b4fc-4160-bc26-7d947f5620e5,The Sand Castle (Le Château de sable),1977,1,1
8d88aefe-e6c2-4c43-833e-b4c1dc3792cc,Who Are the DeBolts? And Where Did They Get Nineteen Kids?,1977,1,1
4eb7c904-884a-4d57-8f15-f18e62d3bdfe,You Light Up My Life,1977,1,1
6f025795-6a55-4f3b-b468-77522fad4f65,Rocky,1976,3,10
749c4878-0cdd-4323-93f9-2d7131e85fc2,Network,1976,4,10
e14788cf-2663-46a9-9131-6a9d9efe1143,All the President's Men,1976,4,8
639559f6-fd0f-4374-abd2-e9d3af8f3430,Bound for Glory,1976,2,6
80621f8b-9005-4073-ba87-ece901380150,A Star Is Born,1976,1,4
bd147d5e-f183-4d1c-9cb9-f77c068c0452,Fellini's Casanova (Il Casanova di Federico Fellini),1976,1,2
1b06dd9a-0bc7-4215-9b8d-76dfcd7123d9,The Omen,1976,1,2
3b4fbdab-421a-42ae-9023-f5146aa52750,Black and White in Color (Noirs et blancs en couleur),1976,1,1
f65014bc-3e02-44e7-94bf-6d1737a0b934,"Harlan County, USA",1976,1,1
521f64ae-912d-458c-8676-e69b26e0fccd,In the Region of Ice,1976,1,1
edfc322f-7165-46b4-a034-7800a996e058,Leisure,1976,1,1
ea80d196-59fa-49d1-be1a-ff8e45c82ed1,Number Our Days,1976,1,1
1bc8aed4-91d2-4d24-bf3f-fc7f4ad518f7,King Kong,1976,0 (1),2
ccf5b102-98c6-4faf-aafd-a2e54ead65c5,Logan's Run,1976,0 (1),2
9603f73f-496a-459c-807a-ec2cac6a9b8d,One Flew Over the Cuckoo's Nest,1975,5,9
cd3d6914-b8b6-42d2-949e-bda42dafe330,Barry Lyndon,1975,4,7
7c40ecc2-0b75-4aab-9000-4333872abb8d,Jaws,1975,3,4
4f1ece3d-7d07-41fd-9376-0cd80c4507af,Dog Day Afternoon,1975,1,6
268b85b7-ec74-4de7-a15f-9bf77660280c,Nashville,1975,1,5
efbda476-b041-4534-9ec0-32dae9829a5c,Shampoo,1975,1,4
65bd6098-98da-45b8-8111-a12b16b7eb53,The Sunshine Boys,1975,1,4
a2197215-3b37-4012-9a4d-ee46d85538b1,Angel and Big Joe,1975,1,1
3c6b3435-385e-4125-bfe3-f23d9d86e4b6,Dersu Uzala,1975,1,1
14b205dc-f144-4f6e-a68b-9c0386fd569a,The End of the Game,1975,1,1
de6d46cb-a6de-425a-8145-c2cde51cda67,Great (Great (Isambard Kingdom Brunel)),1975,1,1
e20d9698-1475-48cb-b7a9-b3955839f1d0,The Man Who Skied Down Everest,1975,1,1
245898f1-ce20-4cf3-bc60-edfe96cd72b6,The Hindenburg,1975,0 (2),3
f937bd5c-a36d-4cc3-80ff-ec08624828c2,The Godfather: Part II,1974,6,11
8f676e91-fdde-4f3f-815e-21e4594514de,The Towering Inferno,1974,3,8
9f5e572a-ac63-4a7c-94c5-a09303e1c1d9,The Great Gatsby,1974,2,2
d1b8fd54-a6f1-4748-b590-3c647b5f9c67,Chinatown,1974,1,11
f5978591-83db-42dc-b0c7-ec4c488e0d24,Murder on the Orient Express,1974,1,6
b04ad59f-1b82-48f1-8961-396a4789e589,Earthquake,1974,1 (1),4
08dc6413-9e5a-4fae-a65a-d4a0baac3017,Alice Doesn't Live Here Anymore,1974,1,3
ff2b1044-08b6-49b4-a8bc-eca5ae669f65,Amarcord,1974,1,3[3]
8e34a8d1-8aa2-4235-932a-870588d04fc5,Harry and Tonto,1974,1,2
e23ae662-f081-4fa7-a70e-70659264cedb,Closed Mondays,1974,1,1
21431c57-cf1c-48a6-be6d-e0c7de6c8349,Don't,1974,1,1
68d0465c-f43d-4227-88f7-f0fff4eaba34,Hearts and Minds,1974,1,1
691b86b1-15d2-4e4b-916c-4aab5c21789c,"One-Eyed Men Are Kings (...borgnes sont rois, Les)",1974,1,1
44988f05-45d0-4b1a-8530-4e3a1a6f2116,The Sting,1973,7,10
89b5d50e-e8e2-4359-b8c9-46fb37df5312,The Exorcist,1973,2,10
2e9edc8f-439a-48e1-81dd-0f0a6261d965,The Way We Were,1973,2,6
c40fd0fd-728d-47b7-a509-5babe2ea42c9,Cries and Whispers (Viskningar och rop),1973,1,5
f48fe741-9281-4e2d-8f51-2b3836a91eab,A Touch of Class,1973,1,5
e11fdf0e-4a9b-4ebd-a2fe-c152cb081c9c,Day for Night (La Nuit américaine),1973,1,4
25e57320-9991-4592-9833-da10ed054407,Paper Moon,1973,1,4
da93bbbe-f6ce-40f3-9dbe-494f03d6f0bd,The Paper Chase,1973,1,3
8017b4a2-7ec0-448b-9588-2de852f66a5f,Save the Tiger,1973,1,3
1187603d-5ad3-4225-bc7c-b9981470f96e,The Bolero,1973,1,1
0c39b527-bb59-4106-9099-d5bb5c868d28,Frank Film,1973,1,1
c63df832-8577-49c7-8555-c719c6806b06,The Great American Cowboy,1973,1,1
63a29b6d-6568-414f-a571-4cf9751e0154,Princeton: A Search for Answers,1973,1,1
807d8ac1-c88d-4b97-9c65-02d0912b72b1,The Godfather,1972,3,10[4]
3c3d10fd-fac7-410f-8a0a-8299b1227076,Cabaret,1972,8,10
75e2b32d-b08d-4cc8-9309-ce06e32aaa27,The Poseidon Adventure,1972,1 (1),8
187cbb44-7ffd-4a12-99da-24d123a3b614,Travels with My Aunt,1972,1,4
5dd7c809-c40d-42ec-98b6-cf403a46870c,Butterflies Are Free,1972,1,3
e2f6936a-3e72-4b18-be31-f395fbfe3745,The Candidate,1972,1,2
66766b02-bbf7-4eca-8be0-0701fe9e8721,The Discreet Charm of the Bourgeoisie (Le charme discret de la bourgeoisie),1972,1,2
bd996f49-4318-409c-9135-01bb31c427e5,A Christmas Carol,1972,1,1[5]
7fbb424b-d6a3-40ce-8396-e1c66077328b,Limelight,1972,1,1[6]
50b80b02-7d4e-471d-bab3-0ccfbd61f5ce,Marjoe,1972,1,1
6f2a77a1-ac4c-434c-96b1-4277053678da,Norman Rockwell's World... An American Dream,1972,1,1
85232bf0-89a2-4f6d-8a1e-8ce2fc38ddef,This Tiny World,1972,1,1
28098833-1cf5-4af0-ad9e-7f5571bec9a5,The French Connection,1971,5,8
17305b52-139f-41f3-ac52-1db7c5e6b3c1,Fiddler on the Roof,1971,3,8
66321f99-c8a3-4801-a0b7-ff8f584b89f6,The Last Picture Show,1971,2,8
a1854345-8f61-4994-a716-daaf325ad737,Nicholas and Alexandra,1971,2,6
d71f4ced-85b6-465f-89ba-82c2b88a71e8,Sentinels of Silence,1971,2,2
6c32750e-6076-4392-8301-f0e21c3fdc48,Bedknobs and Broomsticks,1971,1,5
6d43bcb3-fefa-4313-a3ca-340801d26aa3,Summer of '42,1971,1,4
303ec070-8623-4af0-aa30-cceca742b194,The Garden of the Finzi-Continis (Il Giardino dei Finzi-Contini),1971,1,2
cafb16a0-bc89-4921-833c-5b75e0d10396,The Hospital,1971,1,2
cf576220-eac7-4280-8450-78b326f9b6ec,Klute,1971,1,2
83f22107-8bc6-49b6-9a28-3fb9f8a0fbbf,Shaft,1971,1,2
3e071ab4-40b4-41b6-80e2-f1fad185541b,The Crunch Bird,1971,1,1
20094299-55a8-48ac-b187-9434af26186c,The Hellstrom Chronicle,1971,1,1
0e4c9559-964a-4fb4-81be-697e7d3fe1b3,Patton,1970,7,10
b1668f30-ef28-4df3-908b-8274180b6958,Ryan's Daughter,1970,2,4
ca2f39ea-631e-41a8-a0b6-c400691edede,Airport,1970,1,10
2810802f-3af6-4c13-a185-69687527d677,Love Story,1970,1,7
92bab50c-8f35-47e2-90b9-20cd6d552de9,M*A*S*H,1970,1,5
d622b4ad-b174-406b-bcd6-5995c3476089,Tora! Tora! Tora!,1970,1,5
7b4fe551-27c9-43b9-8618-2ed6206d4f03,Women in Love,1970,1,4
e0dc1f99-e750-4cfd-afe7-b5a38730af2c,Lovers and Other Strangers,1970,1,3
01b41d89-7bfe-431b-90b5-4d32851063f5,Woodstock,1970,1,3
19f34980-5f59-4633-8666-0c6c00b289d7,Cromwell,1970,1,2
23118119-2378-4a8e-9fdd-1ac9a1deafe0,Investigation of a Citizen Above Suspicion (Indagine su un cittadino al di sopra di ogni sospetto),1970,1,2
189042dc-51ab-47f9-9e57-90252e8d3886,Interviews with My Lai Veterans,1970,1,1
92728890-ab75-40de-883f-f9d4b648eb0e,Is It Always Right to Be Right?,1970,1,1
202819e9-12d2-4a28-8561-5d8ac66e1f93,Let It Be,1970,1,1
bc64b56a-1d48-4820-80ae-0ed073ed2033,The Resurrection of Broncho Billy,1970,1,1
fd6aae18-f5f9-4333-ae17-43a05f5c1ab3,Midnight Cowboy,1969,3,7
5139bdfa-bbf2-4655-9e4b-6e28cb45cd5f,Butch Cassidy and the Sundance Kid,1969,4,7
4df1846f-6a12-42d9-8474-81d2384ac5b2,"Hello, Dolly!",1969,3,7
2def15c0-1dde-46c7-8e82-9b6ec74e122d,Z,1969,2,5
bba8bbdf-121d-49da-a497-ecb43db35b8b,Anne of the Thousand Days,1969,1,10
ab70c1d0-325c-47df-a606-4a0e6bb6d891,"They Shoot Horses, Don't They?",1969,1,9
6d62c562-ddcc-40d4-b8e4-cfa8ac81178b,Marooned,1969,1,3
6bbc6ec7-1f1d-4161-aa51-d86d53a94b33,The Magic Machines,1969,1,2
580da04a-d423-4f40-8e15-ac01fef5d562,The Prime of Miss Jean Brodie,1969,1,2
d1d55b74-bea6-4b49-8c65-145566748ab5,True Grit,1969,1,2
3f97c85f-36e6-4cbf-979f-511d16ae6f15,Arthur Rubinstein – The Love of Life (L'amour de la vie - Artur Rubinstein),1969,1,1
be782bd1-cc31-442e-bdfa-7319e9506c23,Cactus Flower,1969,1,1
5e8a0f75-056e-4e98-891b-8bd8a673dd6c,Czechoslovakia 1968,1969,1,1
e77f1f57-9d18-496e-843e-b781c3a56466,It's Tough to Be a Bird,1969,1,1
21696bff-4154-473f-b6a8-083a25d67451,Oliver!,1968,5 (1),11
644d567a-854a-4e80-ba32-ee1fc6b5efaf,The Lion in Winter,1968,3,7
0c81fb5f-82ac-4991-87c6-bc70585d76a0,Romeo and Juliet,1968,2,4
6e4464c8-b8b7-4e50-81e0-1d3da79d15e9,Funny Girl,1968,1,8
d0c0570b-f98a-4e35-a3fb-4ef00b9bd12c,2001: A Space Odyssey,1968,1,4
cd2a283c-cf2a-4e11-a8e5-ccf112c6fc0b,Bullitt,1968,1,2
546c6915-eb72-45d9-a0c0-32004203a3ea,The Producers,1967,1,2
76dc076b-95a2-4898-876e-accff91c4dc4,Rosemary's Baby,1968,1,2
4b9b0040-9728-4c54-8828-3063c8b10a56,The Subject Was Roses,1968,1,2
88b249bb-c3b3-420e-a8d5-a62edfaa106a,The Thomas Crown Affair,1968,1,2
943b1209-fbed-430a-b06e-24403b48ae6c,War and Peace (Voyna i mir),1968,1,2
061a817a-8b8d-4f17-b5a3-6c379ae5c978,Charly,1968,1,1
fd5aa14c-5cc4-47c8-bb80-f37256ba625c,Journey into Self,1968,1,1
26c0b5a2-8b4a-4519-8ab7-294d479f1ffb,Robert Kennedy Remembered,1968,1,1
9f5b0652-9e07-4c65-8c43-af0a7cd1cf99,Why Man Creates,1968,1,1
c2c77ae6-861f-481d-9c8b-675ee97bfaf7,Winnie the Pooh and the Blustery Day,1968,1,1
0be29026-d790-41a0-9291-8403dcd8f8d1,Planet of the Apes,1968,0 (1),2
0136bf7f-6ec9-4216-82f6-865968c19cef,In the Heat of the Night,1967,5,7
b1cd8238-2770-47ab-8a0a-68ea8cc88dc7,Camelot,1967,3,5
207809c3-1690-4019-99db-98378252f1cd,Bonnie and Clyde,1967,2,10
561ed7b2-d3cd-4567-ba2f-1d9ab78467f5,Guess Who's Coming to Dinner,1967,2,10
a0e7ea05-bdf7-4246-ba9a-c49a43d45439,Doctor Dolittle,1967,2,9
d5e30148-eaaf-46e6-b302-0e9147650eee,The Graduate,1967,1,7
4690ece4-83be-4be0-a6a0-cdb08e3e339c,Thoroughly Modern Millie,1967,1,7
7650c422-a02e-4399-ade3-0928b42af971,Cool Hand Luke,1967,1,4
abcc5e77-ced7-439f-b9b7-b33dbe3bbf07,The Dirty Dozen,1967,1,4
8e614a8f-11cb-4d18-bb58-7457e83fd8a7,A Place to Stand,1967,1,2
04c2c8a1-68e7-4a91-bc20-c2ee0aaa5004,The Anderson Platoon (La Section Anderson),1967,1,1
537aa2cb-7619-483c-8a38-6447462a5fcd,The Box,1967,1,1
1cfc541c-4da0-4eb4-85fc-ffcfaf3e0afe,Closely Watched Trains (Ostre sledované vlaky),1967,1,1
d21336ed-1a8b-417f-8a0f-748ad23b41dc,The Redwoods,1967,1,1
ac709719-dca7-41bd-b509-71a2410f2737,A Man for All Seasons,1966,6,8
db553b09-a018-4b79-b662-cad9a3c72725,Who's Afraid of Virginia Woolf?,1966,5,13
d3cbc4f4-e4d3-4bd2-b2a8-23a1424b51c0,Grand Prix,1966,3,3
5c473084-e210-496a-bb34-371abe6a4dda,Fantastic Voyage,1966,2,5
42316924-0c99-4386-96ff-bc54541e4a25,A Man and a Woman,1966,2,4
57ca278c-303a-453b-bdc9-cd45a9d436f3,Born Free,1966,2,2
f96f278a-e16d-4b15-9771-3c80256ffd74,The Fortune Cookie,1966,1,4
7a1e43c9-b6d1-42f2-8db4-8f1c341fe04c,A Funny Thing Happened on the Way to the Forum,1966,1,1
f90f20b1-96f6-4f0f-9d0f-ae95464c8bc8,A Herb Alpert and the Tijuana Brass Double Feature,1966,1,1
dd9c7b62-2d04-48c3-b4f8-72ea4d74d8a1,The War Game,1966,1,1
897a932d-fc43-4ae8-a2a4-a0642d6882cc,Wild Wings,1966,1,1
b12333e2-cf98-4b71-84f8-34381009be41,A Year Toward Tomorrow,1966,1,1
145d9b22-93c4-48c7-85b8-37429fb4308c,The Sound of Music,1965,5,10
3ea6e6a9-c647-48b7-b3a0-db8cfbde7339,Doctor Zhivago,1965,5,10
efbaa602-f1c8-431a-9463-70e6df1908f0,Darling,1965,3,5
2375adbd-71cd-4f79-9039-b62ac0731385,Ship of Fools,1965,2,8
fbe292a7-2701-414e-b444-4f630be042d0,Cat Ballou,1965,1,5
295dacbc-3b3b-45b1-ae98-2dc303a00736,The Great Race,1965,1,5
04c3b9ef-765b-415c-bd0b-7f0f54e55362,A Patch of Blue,1965,1,5
76f592b2-165d-4263-99a7-9bb4c74b6c89,A Thousand Clowns,1965,1,4
0b1ca1aa-aaef-4d8d-9cbc-d01a394c3903,The Shop on Main Street (Obchod na korze),1965,1,2
a23b3264-5447-413c-8a1e-f7b8a7852791,The Sandpiper,1965,1,1
734ede50-41a5-49a9-bda2-baa3e290a73a,The Eleanor Roosevelt Story,1965,1,1
da1d809f-9648-46fd-8632-c774669892c6,To Be Alive!,1965,1,1
1eeaa841-b98e-46c2-a0b9-72f330767c96,7 Faces of Dr. Lao,1964,0 (1),1
e8c5722c-b8c1-4c2d-8ca2-cae0dea6c871,7th Heaven,1927/28,3,5
ff15ac9b-030b-4309-bd79-86873b85a9fb,"20,000 Leagues Under the Sea",1954,2,3
063e2ef3-75da-459e-8f35-a8ab7b07c42d,Adventures of Don Juan,1949,1,2
c4408c05-df75-4ed6-904b-8d7a6a328674,The Adventures of Robin Hood,1938,3,4
66ef4fcf-87a6-4a22-9bba-d3d2b6c236b1,The African Queen,1951,1,4
efd6d37a-e1c1-424e-a0ec-62c433ff643a,Air Force,1943,1,4
b2353033-941c-4298-830b-50cc103687e8,The Alamo,1960,1,7
86447c14-a522-4d4f-a6ba-1ed899a1874e,The Alaskan Eskimo,1953,1,1
e63f7cec-03fb-4e43-8e6c-667c05f483bf,Albert Schweitzer,1957,1,1
e294a0b4-4847-4f62-8196-1124abe4c63d,Alexander's Ragtime Band,1938,1,6
8499b8e4-9188-4aea-9d19-114c41fdf2ec,All About Eve,1950,6,14
3a425571-8229-48c7-b8a9-66e07fe3571f,All Quiet on the Western Front,1929/30,2,4
2e2fe6b3-251e-4581-98b4-7ef6ce95ec56,All That Money Can Buy,1941,1,2
b126868b-e050-4de6-a465-88f7fc03dbcb,All the King's Men,1949,3,7
8216d810-4a64-49af-8f1b-07ab64ca6536,Ama Girls,1958,1,1
32676fb6-857a-4e1d-9e8d-36f29762d713,America America,1963,1,4
ffc90cf2-bd0e-4da1-8863-1b7bb344dad7,An American in Paris,1951,6,8
1d2f1cb1-b7f1-418c-9c81-342188baff5f,Amphibious Fighters,1943,1,1
a0b42fd3-ea00-4a46-ab91-e071197b8fc1,Anastasia,1956,1,2
e2b3358d-d361-4476-bbea-03c96369f476,Anchors Aweigh,1945,1,5
6ca474a7-2a50-4e98-9388-60205466ef9c,Anna and the King of Siam,1946,2,5
d7677593-afe0-4a43-9f4d-b8d27a417bce,Annie Get Your Gun,1950,1,4
1b62b97d-ae45-4085-826c-689db0ca6aaf,Anthony Adverse,1936,4,7
b542ca75-9cd6-40f0-b054-f58c9fcdc53c,The Apartment,1960,5,10
d9e5a443-0921-4fbc-8b7b-8a2bb5ee9614,Aquatic House Party,1949,1,1
0735ef05-b55d-4c46-826c-ea7f2caac164,"Arise, My Love",1940,1,4
682b06d7-ca9d-4f1b-9f8e-4181626bfe14,Around the World in 80 Days,1956,5,8
3be0f80d-f4ae-40b8-8a7e-ef003dfd3a1a,The Awful Truth,1937,1,6
3f5188ce-99dd-4197-97de-461ed864aff2,The Bachelor and the Bobby-Soxer,1947,1,1
231386ab-4d1d-4a23-be85-078baa3e4c5a,The Bad and the Beautiful,1952,5,6
1416f947-1dcd-4fda-b4c3-d071e2ec1162,Bad Girl,1931/32,2,3
14d75483-01f0-427d-a793-bb6e755f1605,The Barefoot Contessa,1954,1,2
2dcdd558-b059-4f2c-acfd-b36478e73b19,The Battle of Midway,1942,1,1
84f71e25-953a-4337-9b02-59cff9afb7f3,Battleground,1949,2,6
a9b08c14-e11e-4816-88bb-73bd75cc7243,Bear Country,1953,1,1
c61dac62-b766-418e-ac34-1b74c421c323,Becket,1964,1,12
85c47bcb-5e70-46d7-9f8e-583936902c98,The Bells of St. Mary's,1945,1,8
17763203-027d-4b5b-b496-37ab26356a5c,Ben-Hur,1959,11,12
f996d1ca-57ef-4b61-86d7-ecdb14468aca,Benjy,1951,1,1
a83c2abe-b090-4ef1-a57e-6c8991a04b42,The Bespoke Overcoat,1956,1,1
9a319f51-95cf-4888-b399-0264a7efbedf,The Best Years of Our Lives,1946,7 (1),8
7f3968bd-a03b-4f00-9737-1e1c245d8460,Beyond the Line of Duty,1942,1,1
28872f1c-16c6-4ec0-a991-f7afdce99167,Bicycle Thieves,1949,0 (1),1
69dbec0d-9afa-4cac-a515-81d4ebffa794,The Big Broadcast of 1938,1938,1,1
4f774d02-2a3f-4698-b356-5dbdf1308d90,The Big Country,1958,1,2
8869b931-6038-4346-9179-38b3fead07a8,The Big House,1929/30,2,4
803e55e9-3463-4852-9b3c-fcedb359070f,Bill and Coo,1948,0 (1),0
5f4de877-9474-4343-ac4d-7039d6716d67,Birds Anonymous,1957,1,1
c2ca2057-71b3-468c-9293-89ad392530ec,The Bishop's Wife,1947,1,5
138e3a7d-6258-41a2-a2ac-08ae315ad359,Black Fox: The Rise and Fall of Adolf Hitler (The Black Fox),1962,1,1
de526bb4-dd28-443d-8cbd-7cf6e88cbf09,Black Narcissus,1947,2,2
99dbbe1f-2958-4921-94d9-877ee0fcb32c,Black Orpheus (Orfeu Negro),1959,1,1
3e0c9b60-1c1c-4b41-9079-0a48b9f0d495,The Black Swan,1942,1,3
733e08bd-cbcf-4e48-8a45-4327344669a2,Blithe Spirit,1946,1,1
bd473ada-fc57-499c-9b02-a8697a308b22,Blood and Sand,1941,1,2
03224bc0-b5f1-4c19-9d16-5d95bf082e7b,Blood on the Sun,1945,1,1
393f8bb6-fc5c-4e98-80df-d25b8b7c18d1,Blossoms in the Dust,1941,1,4
cd169228-dbb5-43e8-93bd-823105bf0d53,Body and Soul,1947,1,3
5c99b972-ac9a-4a46-ad95-c947c7ac6f9a,Bored of Education,1936,1,1
8d98f6f6-e814-488a-8e2f-9a6c17f7b3f0,Born Yesterday,1950,1,5
8ef55445-ae81-4674-87e7-1b337927954a,A Boy and His Dog,1946,1,1
60b03186-a693-40e6-bd1f-559ef3ea2b02,Boys Town,1938,2,5
386bd71f-8ec1-431f-9ab5-b56cb0ba886e,The Brave One,1956,1,3
875296c8-8420-4945-b38a-7ee456ea63c9,Breakfast at Tiffany's,1961,2,5
bbbc71ba-283c-40e8-a88a-5a70e68ad960,Breaking the Sound Barrier,1952,1,2
44251db2-fc02-4413-b92e-6954104fbc78,The Bridge of San Luis Rey,1928/29,1,1
5a8f575a-b7cd-4435-89c3-5bb60013f057,The Bridge on the River Kwai,1957,7,8
babf1d47-a57d-4592-bca8-9bc55cdad0f2,The Bridges at Toko-Ri,1955,1,2
f1071719-dd1e-4eda-aae4-c126f13aa8e3,Broadway Melody of 1936,1935,1,3
c8a38375-fdf2-4a84-a95b-c3660cf1dc00,The Broadway Melody,1928/29,1,3
dfffdaec-7d45-490a-97f4-d7c85bb2331b,Broken Lance,1954,1,2
cc4c6787-c6cd-40f5-a52b-cec80cba1f7a,Busy Little Bears,1939,1,1
ff9fc689-e06b-42de-88e9-f53197d357e1,BUtterfield 8,1960,1,2
0ab34ab3-795d-4834-8765-0471ece898f8,Calamity Jane,1953,1,3
37f20f8a-4e84-4ca8-b93b-7b05142ad14a,Call Me Madam,1953,1,2
e59cd7ed-aa8f-4191-9188-5315d357eec3,"Captain Carey, U.S.A.",1950,1,1
fe85e4fb-9b35-44bf-bcd3-5ab5b987b844,Captains Courageous,1937,1,4
b769e183-a7ae-4f1d-9aec-4037283123f6,Casablanca,1943,3,8
95165de4-073c-4e4b-b1f9-408768f88276,Casals Conducts: 1964,1964,1,1
278fab6c-27a7-4ae2-883c-ed9efbde3a71,The Cat Concerto,1946,1,1
e8baec2b-39de-45ba-92b1-b053e0be3914,Cavalcade,1932/33,3,4
d52e0c3f-c360-4255-80cb-ba893b1f7a44,Chagall,1963,1,1
a54d1a81-55cf-44e7-88a0-bb48f31da224,The Champ,1931/32,2,4
bb30a638-a3e4-4d88-8477-7cbcb9574d77,Champion,1949,1,6
f4f16c85-9ae2-4d18-858d-18057a0f9663,A Chance to Live,1949,1,1
c1c4badd-4960-4b8c-8a05-d39d38b2d466,The Charge of the Light Brigade,1936,1,3
2f2692b4-693a-401b-8fed-22c4c7aad464,The Chicken (Le Poulet),1965,1,1
0882d15d-1497-4241-896c-50c02531091d,Churchill's Island,1941,1,1
b505ef2c-bc8a-4a48-9c30-00bb198d1f50,Cimarron,1930/31,3,7
76983562-2ea2-4bef-a396-c949a039bbdc,The Circus,1927/28,0 (1),0
51a4cdbe-7911-471d-868f-25fb5c1b883e,Citizen Kane,1941,1,9
c771cee8-ed0d-4796-a0e8-9a05f266cdca,City of Wax,1934,1,1
d3283efa-a8cd-42c6-8edc-9fa7391a242e,Cleopatra,1934,1,5
685fd3bc-3015-4e6a-8fb1-b25b551a44c6,Cleopatra,1963,4,9
70abfc29-c02a-434f-af54-4cc3c9404e16,Climbing the Matterhorn,1947,1,1
bb21a439-8892-4331-8b1a-fc6a4a9908f8,Come and Get It,1936,1,2
76702314-c9aa-48c2-b909-40a421d760c8,"Come Back, Little Sheba",1952,1,3
37fe187f-1512-40b9-a8c1-2f6fa2b086e6,Coquette,1928/29,1,1
81db294d-fb9a-4755-b919-52e960190223,The Country Cousin,1936,1,1
05895525-e6f3-41d0-8ce6-ab3e1baa2109,The Country Girl,1954,2,7
63f4980f-aed7-4845-a88b-174b61441fc7,Cover Girl,1944,1,5
a484dd3d-5be6-4f75-bde0-73cca90fa6e4,The Cowboy and the Lady,1938,1,3
b0bbe6d7-dcf7-4143-8d1d-3c4f517ad546,Crash Dive,1943,1,1
28b512d7-f27f-492d-8aa6-276aed9e4622,Crashing the Water Barrier,1956,1,1
90a105d1-c6ad-476e-ad83-09a79b4cb655,The Critic,1963,1,1
961e822f-4b2c-46ec-ab65-3fc41ffc7942,La Cucaracha,1934,1,1
1105a1cd-6fce-480c-8a27-3b4acb02875d,Cyrano de Bergerac,1950,1,1
13d0b98a-c2b5-4947-b920-22bb3afd3c7e,A Damsel in Distress,1937,1,2
8fd2e59e-dcfb-4661-a4f0-9dc0e4499e59,Dangerous,1935,1,1
31b09a2d-e9df-453e-aa41-4d8ce9f52afa,The Dark Angel,1935,1,3
062a583a-3bd2-4a89-b2f7-a000d62a1928,The Dawn Patrol,1930/31,1,1
682d35e8-da4e-4c48-97a6-6e23c34c5e51,Day of the Painter,1960,1,1
be603244-55ff-4eb2-85ed-56c946b0f6f8,Daybreak in Udi,1949,1,1
884bca55-cc8e-41fb-a64d-405a73c125b4,Days of Wine and Roses,1962,1,5
d00a411b-691a-49c1-9ee3-ec3710f226dc,December 7th,1943,1,1
c0768c0a-c4bb-42ff-b50f-d5c910a433ad,Declaration of Independence,1938,1,1
9fa2eb4f-f106-4c8a-bd46-1e0e960a98e5,The Defiant Ones,1958,2,9
efbddd38-50b2-456e-a84e-3ec40b5a1a0a,Der Fuehrer's Face,1942,1,1
d973b7c4-f536-45fc-aee1-1c2bd3251fd1,Desert Victory,1943,1,1
987de2bb-2d96-4245-ac3e-2e3848e3b1eb,Design for Death,1947,1,1
8043ed8e-fc3b-4d26-9230-79aa539e5266,Designing Woman,1957,1,1
aa1f9d8f-f609-4f26-a664-c56d22606814,Destination Moon,1950,1,2
1ed7197a-deba-453c-ac19-7b4319d0d561,The Diary of Anne Frank,1959,3,8
e1f62d76-a48d-4e2d-8fe0-08104f5f6f2b,Disraeli,1929/30,1,3
ee23b793-366f-4d50-b6dd-b40f888fe9d7,The Divine Lady,1928/29,1,3
6c27d9ba-c0ff-4219-b48e-70ad134b781e,Divorce Italian Style,1962,1,3
c896d0d8-08ac-48de-8c6a-05f4b98467db,The Divorcee,1929/30,1,4
30dc1231-cbf1-4310-8f9e-a85deb6f3250,Dodsworth,1936,1,7
6c33bfcd-c4ea-4b30-ad8f-a2f529e8321d,The Dot and the Line (The Dot and the Line: A Romance in Lower Mathematics),1965,1,1
0c9b9b0d-24c2-4f38-a170-6542297ee53f,A Double Life,1947,2,4
2dfe42af-6ffa-49f6-a51c-f7da1d2992c8,The Dove,1927/28,1,1
39c71341-07fd-4f64-863e-bce1fdac4c60,Dr. Jekyll and Mr. Hyde,1931/32,1,3
e7bcc8f1-cd4d-427f-be3d-6486105fe957,Dumbo,1941,1,2
4e280602-846f-4540-a735-45ca5174bb26,Dylan Thomas,1962,1,1
0b5b80ea-c412-45e4-b4fb-a2483e163dd9,East of Eden,1955,1,4
03aa3019-5274-4ade-9e54-8ae9140982ba,Easter Parade,1948,1,1
4956cea7-0a14-4096-9475-ed968609a320,Elmer Gantry,1960,3,5
199a06e8-0124-4c08-8b0c-09993d235d70,The Enemy Below,1957,1,1
294ad311-5888-400d-9343-802559dd9906,Eskimo,1934,1,1
1a855d77-a893-4a93-aa94-089953755f79,Exodus,1960,1,3
455ac6f6-8f90-45bf-b331-462e9cec40de,The Face of Lincoln,1955,1,2
051d0d3e-6eb8-4d46-95ae-0c40917c581c,Facing Your Danger,1946,1,1
01329afb-d0d0-443d-a6df-15b7358fe9b6,The Facts of Life,1960,1,5
7e147959-471c-4efb-9a2e-9dd08334bfab,Fantasia,1940,0 (2),0
509a9b6e-1209-428e-85bc-027195407783,A Farewell to Arms,1932/33,2,4
c9e9c752-9662-418a-a509-501432df9472,The Farmer's Daughter,1947,1,2
c72f2a24-c90d-49ee-843b-75b609a4c45b,Father Goose,1964,1,3
6c8a1feb-e60b-404b-a447-04e666f0aa2a,Federico Fellini's 8½,1963,2,5
46d96d2f-5237-4ff2-87c0-e54aea2283bb,Ferdinand the Bull,1938,1,1
4ede84c8-611f-40f6-8d3a-783f89d24022,The Fighting Lady,1944,1,1
3535568e-a973-489d-8560-624fd3d1071d,First Steps,1947,1,1
6c5bbff9-661b-4958-b22a-448bd10d6b49,Flowers and Trees,1931/32,1,1
d8cbd793-d1bd-4a27-ae85-c19a814468ff,Folies Bergere,1935,1,1
bb368996-4987-48f2-8192-2fb6b463f3c4,For Scent-imental Reasons,1949,1,1
95b65d9d-c838-419e-bc0e-18a401f85029,For Whom the Bell Tolls,1943,1,9
ee28f393-105f-4bd5-9316-2aeeb10b1a8d,Forbidden Games,1952,0 (1),1
b4545a36-d379-4ef7-81a2-16a686d1ece8,A Force in Readiness,1961,0 (1),0
926db48f-bb3a-40f0-8d7a-b635e1e52f4e,A Free Soul,1930/31,1,3
7065afce-efd5-4d2f-aa63-50d0e150064d,Frenchman's Creek,1945,1,1
44d52f4e-67df-4baf-b0ee-ffcc5625194f,From Here to Eternity,1953,8,13
e9a34eb9-6b69-487d-9f50-e60eb4b70799,The Garden of Allah,1936,0 (1),2
91130b5d-5078-4add-81d0-2eb9deded441,Gaslight,1944,2,7
1bea29e9-d528-421c-84ad-6fde1602699c,Gate of Hell (Jigokumon),1954,1 (1),1
a614c104-c81a-475a-bf72-f4d30c738851,The Gay Divorcee,1934,1,5
9a1e0830-bc43-45ac-8d47-578d8afb6b4e,Gentleman's Agreement,1947,3,8
840fb526-42cc-4e51-8e89-78e511200b46,Gerald McBoing-Boing,1950,1,1
ffd6f536-9d8c-4f0a-baa7-ab3b0e783013,Giant,1956,1,10
d47c42e5-88cd-4639-867e-f03927fc0560,Gigi,1958,9,9
b8d7568e-6c43-4c6b-b118-e429a86c397a,Giuseppina,1960,1,1
1926360a-06e4-4310-9731-832dc3babb6a,Give Me Liberty,1936,1,1
87a72c7d-093b-41d2-b020-5f9a5613617e,Glass (Glas),1959,1,1
5fbba792-6a45-40e3-adcf-b99ea09c2861,The Glenn Miller Story,1954,1,3
0f06bc4b-e9e4-4f42-8790-859f40ee101c,Going My Way,1944,7,10
fbd6bb91-15b4-44b0-9020-819150e8f27c,Gold Diggers of 1935,1935,1,2
dd387582-4031-4ad3-ba10-e80530d65075,The Golden Fish (Histoire d'un poisson rouge),1959,1,1
7d523683-5e1c-44d6-9ff5-ec111137eeee,Goldfinger,1964,1,1
ec4a998c-cb29-46b6-941c-0e6eea78f2eb,Gone with the Wind,1939,8 (2),13
218f4b31-39e7-4660-a3eb-c182958c1564,The Good Earth,1937,2,5
2fa78592-df1f-454e-abce-eb2399927331,"Goodbye, Miss Turlock",1947,1,1
3482d3ce-f11b-4a7e-bd69-fda84fc2c37b,"Goodbye, Mr. Chips",1939,1,7
60e371e9-3fa8-4085-bc11-2be4fc64ea9d,Grand Canyon,1958,1,1
6490f24b-e746-4933-aada-dab8fbdee75f,Grand Hotel,1931/32,1,1
de489f7e-9101-46a7-96cb-02c40bb63d4d,Grandad of Races,1950,1,1
a2dcf40e-121c-409d-937f-3cf3a61235f3,The Grapes of Wrath,1940,2,7
e81290d0-ef2d-4dbb-9ec2-7d5d2fa83b53,The Great Caruso,1951,1,3
2f093ca1-2236-4508-9c1f-dded52715d87,Great Expectations,1947,2,5
0495849f-c843-43b7-83b5-1df20b33527c,The Great Lie,1941,1,1
23b968b9-718d-4db3-9c42-1c25aa3525a6,The Great McGinty,1940,1,1
ea1c042f-f5d3-44c8-a8aa-9c2c0c6fff75,The Great Waltz,1938,1,3
89e7bbad-5d67-452b-bd46-2c6726b09cc3,The Great Ziegfeld,1936,3,7
0c8b63cd-79c8-4008-a7f2-3065d995f751,The Greatest Show on Earth,1952,2,5
84469dd7-a354-4500-94e2-d4e586a01a2f,Green Dolphin Street,1947,1,4
e7ae26d3-5c8f-4447-b3bc-6fda2b9f1ceb,The Guns of Navarone,1961,1,7
8e7cc9ff-3ab9-4bb0-bc4f-59db91ccac18,Hamlet,1948,4,7
567c4b56-c4fe-468a-b4bc-62b4d7c9394c,Happy Anniversary (Heureux Anniversaire),1962,1,1
c35a04c5-17cf-438f-a36f-30da9b31ca47,Harvey,1950,1,2
63d7e59c-089b-4540-b44c-b6ca5443eade,The Harvey Girls,1946,1,2
d84d90f6-102c-4a1f-99b6-dd4365a84925,Heavenly Music,1943,1,1
01615d4a-9e5f-4e74-b853-75dd403819b9,The Heiress,1949,4,8
bbf0cdcb-9939-47e0-88fa-bed76f9a784c,Helen Keller in Her Story (The Unconquered),1955,1,1
a19e7905-a6fc-46f8-b1b3-9a4ef5fec441,"Hello, Frisco, Hello",1943,1,2
4acd41a7-d01e-418b-910b-be3abf2edda2,Henry V,1946,0 (1),4
6ead9842-66c5-4aeb-b619-9ce1c9f9eb7d,Here Comes Mr. Jordan,1941,2,7
a4351963-d31e-425d-a6bd-8080fd5abefc,Here Comes the Groom,1951,1,2
80dca773-5656-40f7-92cd-1a453b7ff02f,The High and the Mighty,1954,1,6
853fa389-5129-444d-8644-647c1bf38d71,High Noon,1952,4,7
91c7668a-856e-468f-93db-4a9893dbf829,Hitler Lives,1945,1,1
85571fef-8560-4d0d-8a00-b0e8db44ae43,A Hole in the Head,1959,1,1
94ccdb04-c34c-474e-a328-dc26ffa5d2bc,The Hole,1962,1,1
2ccede6b-5609-4235-95a2-adab5ad5a618,Holiday Inn,1942,1,3
36430b86-7abf-42fc-a5b7-1943d1ff8e27,The Horse with the Flying Tail,1960,1,1
2e1ae949-8640-4cc2-9999-776ee3d042e8,The House I Live In,1945,0 (1),0
27735c09-6d83-4b27-a052-9a0844a5bf4d,The House on 92nd Street,1945,1,1
9242a0b3-6a49-44dc-9e5e-ea709edad2f6,How Green Was My Valley,1941,5,10
772a01f7-9ae9-4595-a7b8-958facaf600d,How the West Was Won,1963,3,8
c806cccc-ffdc-4300-a96c-093034b65a3b,How to Sleep,1935,1,1
2872d26d-343a-4bb0-bb8f-8dc6e0e2c73d,Hud,1963,3,7
97af8147-caca-4702-b1b4-c266b6800957,The Human Comedy,1943,1,5
0879e147-69ae-444a-9235-ec1fce2636b5,The Hurricane,1937,1,3
0d62516f-9a87-45d6-92d9-69b936ecb589,The Hustler,1961,2,9
5f0f8f91-4ed9-4d76-baea-ae565c94c186,I Want to Live!,1958,1,6
716e2db3-d06d-4174-8ec2-ae806064994d,I Wanted Wings,1941,1,1
65d7fc75-4bce-44dd-9896-ade3858e4e3c,I Won't Play,1944,1,1
aa19e9fc-8761-438c-9f23-5732c964f9ab,I'll Cry Tomorrow,1955,1,4
3696e9ae-c100-4dce-81d8-a05168ee6f81,In Beaver Valley,1950,1,1
96621e10-02eb-46fb-8e57-98ba2d6cd15a,In Old Arizona,1928/29,1,5
86cd45e2-0549-4190-a8ab-86692e81f5e3,In Old Chicago,1937,2,6
da57ca03-947b-40a2-9b6a-404f99c8e4ce,In Which We Serve,1942,0 (1),2
3e616acf-f5d6-446d-9a03-7386b2a42a63,The Informer,1935,4,6
d3cb59c2-89fa-43f8-a906-0f57090cdbd4,Interrupted Melody,1955,1,3
566944e9-78e0-44c7-a93e-46ed40493873,The Invaders,1942,1,3
4d12f4d8-b7fe-4cb5-9be5-217bc1170a54,Irma la Douce,1963,1,3
a1831401-2dee-4c7a-b731-019e1c71318d,It Happened One Night,1934,5,5
f83fdd03-df34-46c4-a887-f0c6540d04e9,"It's a Mad, Mad, Mad, Mad World",1963,1,6
2593e2d6-5545-431c-9b04-465d713f828d,The Jazz Singer,1927/28,0 (1),1
831af4be-c25e-4265-95be-b3c395b0271e,Jezebel,1938,2,5
75b89b9c-08c6-4202-8f1b-b00710c72f98,Joan of Arc,1948,2 (1),7
0fc3b76d-25c7-4150-8aff-e591a1a2471d,Johann Mouse,1952,1,1
fea890ad-fcae-4c4b-a221-6baade058d19,Johnny Belinda,1948,1,12
5dbc919e-1174-4bb5-b6c3-0e08a5dd94f6,Johnny Eager,1942,1,1
e763ea78-556a-4a42-acdb-fd439d0cab27,The Joker Is Wild,1957,1,1
fa3e5179-18db-4869-a544-5d0bc2c640d3,The Jolson Story,1946,2,6
1dde8593-6df5-4089-a563-0416d9e6e13e,Judgment at Nuremberg,1961,2,11
c11fc87b-1242-49fb-9023-ccf0144464aa,Julius Caesar,1953,1,5
7e7fe9b1-fb3b-4e9f-bb12-297a480440ad,Kentucky,1938,1,1
b5aab64e-6d40-4e36-abf1-222db28ecec1,Key Largo,1948,1,1
3891b99f-f0f8-40d6-a3a0-6580e60df398,The King and I,1956,5,9
fd8966aa-424b-40e4-a87f-7fadf99c35fd,King of Jazz,1929/30,1,1
894acb63-a9c5-44bd-85c2-ef0de058eab9,King Solomon's Mines,1950,2,3
e057fa39-fb19-4bbb-9151-5565f5e2bc61,Kitty Foyle (Kitty Foyle: The Natural History of a Woman),1940,1,5
15133ee9-a22d-4a00-a8bc-ba89c883d2aa,Knighty Knight Bugs,1958,1,1
8ef85a98-d9c8-4aba-b60d-935ca58e475d,Kokoda Front Line!,1942,1,1
dc6198cd-9fdf-4dbd-a679-60e8a733c31e,Kon-Tiki,1950,1,1
1a7b4a11-6ee4-4167-b654-e0581ef3499b,Krakatoa,1932/33,1,1
f0225965-2f09-4a1e-b492-8ef0d9426374,Kukan,1941,0 (1),0
4329a875-ca70-4ef4-b098-3ed8eef13b09,La Strada (The Road),1956,1,2
ca59dae5-1110-4c21-a2d9-8c98775a5d58,La Dolce Vita,1961,1,4
ad708ddd-85b8-4d0f-906f-afd5dbf8e369,Lady Be Good,1941,1,1
f1ba4fdb-bd91-4f74-a087-05e669c1534a,The Last Command,1927/28,1,2
a9716525-50a6-4f28-913b-03d1a5330a24,Laura,1944,1,5
3220c968-671e-4518-b14c-dbbe4e904f1f,The Lavender Hill Mob,1952,1,2
84d26ff4-f4d3-4d30-b0bd-704f514ac11b,Lawrence of Arabia,1962,7,10
128a71e8-5130-4a91-8081-d369de2a0e3c,Leave Her to Heaven,1945,1,4
5090f813-7d40-4b53-ba35-fe5c6c257246,Lend a Paw,1941,1,1
d123207e-785f-4f7b-b3ae-f8028e4e849a,Les Girls,1957,1,3
cb930b00-0a07-4bcd-8d09-1e3eca9c452b,A Letter to Three Wives,1949,2,3
2e4436d3-59f7-4f61-96da-6fe9b1dd8429,The Life of Emile Zola,1937,3,10
437a9385-9b50-41fa-8b79-5f7ae985ed2c,Light in the Window,1952,1,1
f1ddb1be-c11a-4034-b99e-eac8ce41f1b4,Lili,1953,1,6
396e705b-f52d-4d8f-8fb0-7cda60b2424f,Lilies of the Field,1963,1,5
d64b2279-5075-455d-b9d4-b9115d9227cf,The Little Kidnappers (The Kidnappers),1954,0 (2),0
975abecb-e24c-4890-888f-2aa255b66fac,The Little Orphan,1948,1,1
adf1d9a6-cbc0-489f-9ac5-347d07348ef6,Little Women,1932/33,1,3
611c0ee8-9e16-4aaa-85cd-8e8957f22b83,Little Women,1949,1,2
59c2fb3d-d176-4f9d-8b50-4f5fd0fb4170,The Lives of a Bengal Lancer,1935,1,7
75956b7b-10cf-4272-af16-114b5e21975b,The Living Desert,1953,1,1
99da3180-3ce9-42f7-9103-e2f6b5c5c228,The Longest Day,1962,2,5
054b50ce-5ca3-4abe-a643-8323684183a3,Lost Horizon,1937,2,7
853f2caa-3ace-424d-bff9-739c9a9da612,The Lost Weekend,1945,4,7
651f9706-3937-48da-b315-635752814ac6,Love Is a Many-Splendored Thing,1955,3,8
f3252c49-5ef8-4aa1-ae70-e26c726f609c,Love Me or Leave Me,1955,1,6
b638456c-62aa-4be5-a8a7-a614dc58071a,Lust for Life,1956,1,4
0104dc46-a85f-4d1a-8d85-a61c54098cdc,Magoo's Puddle Jumper,1956,1,1
9bd15059-d412-4cb4-87e1-5f88403df75b,Main Street on the March!,1941,1,1
c65a5fbf-2d6a-493c-9e2a-240602a4498d,The Man Who Knew Too Much,1956,1,1
d382d398-b6ff-4f15-b69e-ca6873f6a395,Manhattan Melodrama,1934,1,1
68172fa0-5b60-4ad8-bcf9-06031b4c6042,Marie-Louise,1945,1,1
3f47222b-046f-4d91-b0a0-5bba307639cb,Marty,1955,4,8
68e05328-d7af-4e34-88ba-8ae7017b5661,Mary Poppins,1964,5,13
3c88d913-fa7b-456a-8ab8-cba7ccc8217b,Men Against the Arctic,1955,1,1
26188264-5984-4fd2-b252-829095019ff0,The Merry Widow,1934,1,1
935e7c24-a51e-4db2-80aa-90672bf91a3e,A Midsummer Night's Dream,1935,2,4[7]
91788b63-7ca9-4b05-aea4-a8d9a14be73d,Mighty Joe Young,1949,1,1
951975fa-13ad-493a-aa51-fd284dd20b47,Mildred Pierce,1945,1,6
f9b1d234-a75a-498c-9629-86ffadf99bad,The Milky Way,1940,1,1
5dd8feaf-3c72-4d4f-a788-3c88d7ed71bb,Min and Bill,1930/31,1,1
f9f632f8-9a4b-4a91-9597-86ff0d972be6,Miracle on 34th Street,1947,3,4
e207649f-3d4b-421f-b3a5-8c9cc92a2944,The Miracle Worker,1962,2,5
34ff06d0-7439-48fc-bbda-327e2ff42c78,Mister Roberts,1955,1,3
91ef5145-9a49-48db-bddd-450f1a5f5fde,Monsieur Vincent,1948,0 (1),0
4fc79099-044b-488f-b239-359177710d1c,Moonbird,1959,1,1
ddd953e7-c7f3-4656-8404-754e01f6a346,The More the Merrier,1943,1,6
c95bebbf-d1c0-41b7-a29e-20f368f76dad,Morning Glory,1932/33,1,1
71b9bc13-56f8-4acf-8cf8-c6e2674b089e,Moscow Strikes Back,1942,1,1
0080d69a-4ade-472c-bcfd-af8ae85a43cd,Mother Wore Tights,1947,1,3
55abad05-b1ac-4617-85e2-9dbd0261e200,Moulin Rouge,1952,2,7
4e124e80-6d63-4c10-b8b3-0e12c561aff6,Mouse Trouble,1944,1,1
508b2ca0-674a-455c-b0b6-3306e586a550,Mr. Deeds Goes to Town,1936,1,5
adabbc1a-39ba-4191-a225-fbd2616680d2,Mr. Smith Goes to Washington,1939,1,11
ba94d4f3-4703-464d-888f-a69a3c62f97d,Mrs. Miniver,1942,6,12
5dc3d6a0-6938-413e-aac3-f99d7d5d2a53,Munro,1960,1,1
250b6166-a0be-41b6-9fb2-e1d1fc71e1e2,The Music Box,1931/32,1,1
9d014c54-6fbf-4fbd-83de-9444cf975689,The Music Man,1962,1,6
83741f33-bc75-4a61-a85f-dd25dd319ad9,Mutiny on the Bounty,1935,1,8
03b75f6f-fedb-4cd1-a210-bb4c45eac1da,My Fair Lady,1964,8,12
adc81572-c290-4b37-a5b5-42129359572f,My Uncle (Mon oncle),1958,1,1
3906299c-64d2-405c-aa2b-aa406e836cac,My Gal Sal,1942,1,2
85346c8c-2fc1-4b44-a9c5-f43d9fd5622e,The Naked City,1948,2,3
6b49bc03-7c12-4b4a-8ead-9486dd294ceb,National Velvet,1945,2,5
bdd09839-dd19-4c06-bf04-64d49f336f13,Nature's Half Acre,1951,1,1
3e4be0f3-ba74-4a8f-a984-893a1091a2d7,Naughty Marietta,1935,1,2
4b0dbb20-4f5d-4bbc-a508-c4c0c7ebd2ad,Neighbours,1952,1,2
ebead3e4-cb24-43cb-874a-86cec3db679b,Neptune's Daughter,1949,1,1
6c08deb6-024b-46c9-82ea-744456fbd3e9,Never on Sunday (Pote tin Kyriaki),1960,1,5
d999d9eb-99dd-468c-9699-d25ed880e719,The Night of the Iguana,1964,1,4
dd6764f3-5e8e-40b9-8ae3-a07f8d5028d8,Nights of Cabiria (Le Notti di Cabiria),1957,1,1
80094b7f-8272-4bf9-a7e8-847bad2acca0,Nine from Little Rock,1964,1,1
646b4428-6eea-4db6-82d4-2c3af741fcf5,None But the Lonely Heart,1944,1,4
6a58f1fb-e935-4633-8360-b3ede3783831,North West Mounted Police,1940,1,5
97b4dd16-1efd-45b2-af92-5face6ebf442,"Now, Voyager",1942,1,3
372d3761-6d6a-4b85-8a36-968559d684fa,An Occurrence at Owl Creek Bridge,1963,1,1
1da04da2-fa3e-49a6-ab60-f1e0baef5057,Of Pups and Puzzles,1941,1,1
b329e340-71a2-4216-842a-7de1e7c13e1a,Oklahoma!,1955,2,4
73f3d84b-4720-4ad6-8dce-630a94642150,The Old Man and the Sea,1958,1,3
5388d4df-fc6b-489d-a59b-0e9038fdbf00,The Old Mill,1937,1,1
bd1af9b9-013e-4e64-8ea2-96358d9bf5a3,On the Town,1949,1,1
e9bc3142-9898-4a69-bbe5-8833c87f9a1d,On the Waterfront,1954,8,12
1d070f5f-53f0-4667-9c1f-0f2c6b9a3bc8,One Hundred Men and a Girl,1937,1,5
34f5953c-b068-409d-9e92-62fbe1becbd8,One Night of Love,1934,2,6
e3412666-eadb-41f7-9410-d4b6ff23e317,One Way Passage,1932/33,1,1
81d1e382-4057-4613-9eb8-6c90110dd9b9,Overture to The Merry Wives of Windsor,1953,1,1
e816b5ed-87bf-45d2-b660-e55229feda83,The Paleface,1948,1,1
d72be7ac-405e-4f02-afe0-fc0f68003139,Panic in the Streets,1950,1,1
a1ac4b61-7116-464f-8345-727c2a3c8e62,Papa's Delicate Condition,1963,1,1
77934b42-e5f8-4e33-a9f3-791d5b5dacd8,The Patriot,1928/29,1,5
06457e09-7037-4cbf-98d9-8440fb0d819c,Penny Wisdom,1937,1,1
13dafbbb-7b0b-45c5-8eb6-4ff5188b46ce,Phantom of the Opera,1943,2,4
950fa715-5cbe-44f0-a44a-dc6befb568a0,The Philadelphia Story,1940,2,6
b5d8841c-7777-4820-a65a-acc9bac9196d,Picnic,1955,2,6
2deca643-b74b-4487-b9b7-c20e3322a426,The Picture of Dorian Gray,1945,1,3
60b8cb86-3a85-490e-ae33-a56df966ab7f,Pillow Talk,1959,1,5
cd64da3a-8b87-4593-886f-5f2bec4536a7,The Pink Phink,1964,1,1
fa993023-c636-4eed-9005-9368994af787,Pinocchio,1940,2,2
ede43db1-ffbd-42ff-9ef3-2c4328dbb8c7,A Place in the Sun,1951,6,9
f7cedc07-6a1a-4a06-8883-7182800efbab,Plymouth Adventure,1952,1,1
bca2ae4c-3b1f-44c5-a8cb-cde3db4225a5,Pollyanna,1960,0 (1),0
48dec802-7ddc-4fa6-b04c-25d7b4ea563f,Porgy and Bess,1959,1,4
860a7145-4cb0-4eeb-826a-f6e4ad24e490,Portrait of Jennie,1948,1,2
6bf05f9a-75d8-45ce-8b12-a1acbfc4d35e,Prelude to War,1942,1,1
7bdcb889-dd1d-4879-84ce-2533499b7ae2,Pride and Prejudice,1940,1,1
723312eb-ccab-4c89-9eb1-d329ffff77f6,The Pride of the Yankees,1942,1,11
175e04d9-8de1-4c3f-be1e-b8e2872d44e5,Princess O'Rourke,1943,1,1
58c6d484-7b5f-4c7b-a423-78954cf11361,The Private Life of Henry VIII,1932/33,1,2
ec7d697e-d390-44de-ac7a-2e662f1bd661,The Private Life of the Gannets,1937,1,1
42a1c4b9-8e0f-42ca-a2bd-95807614702e,Project Hope,1961,1,1
e9ed7749-a07f-458c-95d8-bcbb6470fc8b,The Public Pays,1936,1,1
3b0475af-3ef9-4dba-85ef-ed04a34221ab,Pygmalion,1938,1,4
c58e6d6d-906c-4870-8cee-6206de8bb068,Quicker'n a Wink,1940,1,1
7117761a-d3c1-408b-a14b-0bc3650151ca,The Quiet Man,1952,2,7
f67f9db9-67b3-49e9-8cc1-39a9cfccf6b5,Quiet Please!,1945,1,1
09b3803c-76db-4ec0-bfa3-54fb7ec4d9c9,The Rains Came,1939,1,6[8]
c5b2a0b4-a455-4f2c-a4c8-32b9cfc3686e,Rashomon,1951,0 (1),1
2df3434b-867d-427c-a82e-60ad7d2caaca,The Razor's Edge,1946,1,4
6d2aa68f-aef9-4e9e-8780-05e3c223fc45,Reap the Wild Wind,1942,1,3
3f1d6ce0-4b00-4e31-b083-75555eb432f7,Rebecca,1940,2,11
857565b5-5ca5-4964-883b-91be7f0ae969,The Red Balloon (Le ballon rouge),1956,1,1
fb3073c5-6692-41eb-90e4-62e7c4c5209b,The Red Shoes,1948,2,5
0bfc0e04-0fc7-4a39-91cb-7c5aeede6fc6,The Robe,1953,2,5
896c9ac7-0a7a-4dd9-b80b-c94d29fe46f9,Robert Frost: A Lover's Quarrel with the World,1963,1,1
32e0e34f-8f35-4ede-93fc-1f49f65ac130,Roman Holiday,1953,3,10
994bed50-ed22-48a0-ad4e-fe34086b3821,Room at the Top,1959,2,6
d25744fb-5ae3-4e26-9499-44c83c257bf3,The Rose Tattoo,1955,3,8
6c6fde71-2727-43ec-ac75-c4df3df14168,Sabrina,1954,1,6
38959777-a16a-4ef8-a9c4-e6d968a5fff1,Samson and Delilah,1950,2,5
b05aea3b-da60-41c6-a7c7-c77a171a2d40,Samurai I: Musashi Miyamoto (Miyamoto Musashi),1955,0 (1),0
05a1871b-f568-4ff8-a1c1-d6289f2a053b,San Francisco,1936,1,6
8f6e8ec1-7d87-444b-8356-1870204b8072,Sayonara,1957,4,10
5435475a-0c98-4896-ade5-d2f793020488,The Scoundrel,1935,1,1
4d95f5a6-b8b5-4c7c-8cb8-7b74e6d63c8e,The Sea Around Us,1952,1,1
22664cb9-e4f1-4791-982d-455378521717,Seal Island,1948,1,1
67744ac1-e9d1-498b-a865-4358bc9c4b3d,The Search,1948,1 (1),4
c22562cd-725c-43fd-89e2-9713be82ec30,Seawards the Great Ships,1961,1,1
9ed3f2c2-8c26-461e-96a0-0596bc2bab54,The Secret Land,1948,1,1
f4127797-88e3-456a-a508-b1ee929130d3,Seeds of Destiny,1946,1,1
75f9912b-1609-44b8-9663-0b09bc4829c5,Separate Tables,1958,2,7
41a6640b-572a-4960-88aa-55d9c8cec211,Serengeti Shall Not Die (Serengeti darf nicht sterben),1959,1,1
4d2b81cd-4eb0-471f-a44d-f9fcf4391cad,Sergeant York,1941,2,11
4a79fdec-798a-4b19-bfcb-7c8ac3a44f8b,Seven Brides for Seven Brothers,1954,1,5
694ce956-d628-489d-bcfe-5c93469bdaa7,Seven Days to Noon,1951,1,1
2eb32324-5ba2-4feb-a170-b40ba2ee2000,The Seventh Veil,1946,1,1
c6cc4fdf-d584-42b4-b831-202a914f9864,Shane,1953,1,6
424f99e3-c0f2-46c4-ba49-5613d1bdd1eb,Shanghai Express,1931/32,1,3
f63ef4dd-2d1a-4fd4-83d1-23c6dd5704c9,She Wore a Yellow Ribbon,1949,1,1
1140a832-2560-4ca3-85fb-d409083cbae5,Shoeshine (Sciuscià),1947,0 (1),1
dc119158-dd17-4e1c-bc09-44c4ab983886,The Silent World (Le Monde du silence),1956,1,1
9fdb62d7-99fe-4314-b162-b7553f22bf85,The Sin of Madelon Claudet,1931/32,1,1
134ea222-fdcb-4c25-9590-1c8cb262847b,Since You Went Away,1944,1,9
6b029f1f-8cb6-42cc-9c39-22eb7123c41c,Skippy,1930/31,1,4
fc58d9cb-ebb9-4330-b48b-baeed6dfe9d1,Sky Above and Mud Beneath (Le Ciel et la boue),1961,1,1
74d2cd63-95c2-49c9-9784-80a4bf054f18,The Snake Pit,1948,1,6
603cc882-3fa4-46ce-9196-6c4f55eb6e10,Snow White and the Seven Dwarfs,1937,0 (1),1
49bf3876-1cee-4e10-a002-d104ee51eeb5,So Much for So Little,1949,1,1
ebc31e48-8318-4fb6-b35d-e82a2cc503c4,So This Is Harris!,1932/33,1,1
7d0288d5-b9af-4318-b052-93e245154505,The Solid Gold Cadillac,1956,1,2
1f65d87b-77d5-49a9-aff8-8f8a9ae4ca83,Some Like It Hot,1959,1,6
03c018de-629a-423a-9ffe-caabf8b6563f,Somebody Up There Likes Me,1956,2,3
544434b1-6a9c-4ba4-bf2b-109f14f277a9,The Song of Bernadette,1943,4,12
1c3b5a81-8b7a-4e31-ab49-94a526166163,Song of the South,1947,1 (1),2
598b44ee-8cb8-48fe-a4d0-8200326fd920,Song Without End,1960,1,1
6dce1755-e26e-4df8-a310-363f5c371e7d,Sons and Lovers,1960,1,7
12f523ff-20a4-42bd-9566-00b7a390265d,Sons of Liberty,1939,1,1
32e0ce20-d9f1-4edf-a7e6-3944e10e17cb,South Pacific,1958,1,3
f8678a2e-6654-4c3a-b9f2-49084e4e2124,Spartacus,1960,4,6
b47eb4be-6713-4fdb-9cb7-5fea1bccb874,Spawn of the North,1938,0 (1),0
d3af38ba-8def-4acc-af99-4c6ce8eedbf8,Speaking of Animals and Their Families,1942,1,1
078e3c4e-0355-4b5b-a817-734a6034cb00,Speedy Gonzales,1955,1,1
a24a10e3-1383-4c7c-9f88-6b3592b11abf,Spellbound,1945,1,6
fd6f5a55-27d4-4e04-bcff-9bdb9b1a6a99,Splendor in the Grass,1961,1,2
060f2c8d-8331-46dc-9570-4e7738705a0a,Stagecoach,1939,2,7
f676b262-283d-4857-9253-9b79640cd34f,Stairway to Light,1945,1,1
51b411aa-cc01-4abb-8d9a-a9d0b53d76c5,Stalag 17,1953,1,3
e0084ed3-80c2-4dd2-90a4-cd92cd704686,Star in the Night,1945,1,1
1d47b309-c8b4-4695-a696-0c73c26b0f25,A Star Is Born,1937,1 (1),7
374c4895-eda4-4eaf-894d-9ad6165ca413,State Fair,1945,1,2
2d51730c-4e6d-4003-972c-4703f6ed67d0,The Story of Louis Pasteur,1936,3,4
32bd74e0-d74f-4edb-bfec-b6fc618253a0,The Stratton Story,1949,1,1
6d6922bb-9742-4095-978a-ba136d0bd9b5,Street Angel,1927/28,1,3
a850f9c5-98b4-473b-a99e-548ec122fd70,A Streetcar Named Desire,1951,4,12
dd3e9af0-632b-4c0b-8355-e38188692a80,Strike Up the Band,1940,1,3
6196a75b-745d-4a4b-ba94-b5844b1dec26,The Substitute,1961,1,1
5645a87f-814a-4343-8d88-7750ec3d4c1b,Sundays and Cybele (Le Dimanches de Ville d'Avray),1962,1,3
67206b96-b9c7-4283-9f7f-695db813eda8,Sunrise,1927/28,3,4[9]
027e9f86-978b-4b76-a62c-c8e9cd2dde30,Sunset Boulevard,1950,3,11
7ae3e372-48b3-49d6-bf50-6d7a02bad2b9,Survival City,1955,1,1
3ae793b9-a8ca-48dc-8156-3bb03bcc670b,Suspicion,1941,1,3
628de7a0-667e-4fd5-99c6-779cf6346265,Sweet Bird of Youth,1962,1,3
ada4e778-cc6e-455d-aa2c-aac8ee4f5135,Sweethearts,1938,0 (1),2
6eeea511-2b8a-43e2-990a-ac9357c0a922,Swing Time,1936,1,2
e7f05f87-3f74-43fa-be62-1aadb8295d39,Symphony of a City,1948,1,1
75dc1939-dd0b-48a3-ac2a-1ceec3cb4f6d,Tabu,1930/31,1,1
2da1eb27-2cbf-49f4-95f1-1cb0f39bee3a,Target for Tonight,1941,0 (1),0
f43bc069-c90e-477b-b7e3-e2584e487782,"Teddy, the Rough Rider",1940,1,1
29d362e0-400b-4a8e-97ee-7f620c436144,Tempest,1927/28,1,1
0f0ddd9d-f7e3-4e0d-a795-c29d9f56cb5c,The Ten Commandments,1956,1,7
73545f49-c943-48bd-8386-5492e8b60df2,That Hamilton Woman,1941,1,4
cedae593-2c7b-49cd-877b-ab389cd87f65,That Mothers Might Live,1938,1,1
4f8582d0-5c0e-4180-a127-8026b702b2a7,The Thief of Bagdad,1940,3,4
1091438f-dc65-49cd-bf65-c348dfec1460,The Third Man,1950,1,3
97fe8cd2-fad5-4fa8-97d3-58dc6584b2d7,Thirty Seconds Over Tokyo,1944,1,2
cc0c6854-5a08-4a19-b811-93b75cf9cf5c,This Above All,1942,1,4
814133d8-12b2-46e8-8738-804485af1193,This Is the Army,1943,1,3
ea4d5b82-ab0f-4792-9a39-5453b1658432,This Land Is Mine,1943,1,1
8db29087-27ca-4961-a9c0-899904b2a511,This Mechanical Age,1954,1,1
06fa9aa6-a626-446e-a878-dbe2f80df413,Three Coins in the Fountain,1954,2,3
493f09cc-da9d-4ff9-a3fa-1d0dee25ddaa,The Three Faces of Eve,1957,1,1
3956658f-ee6e-4f35-9e1e-8a919fc5d193,Three Little Pigs,1932/33,1,1
2cd1e0da-d070-4c3b-ad6e-a41338ee6d7e,Three Orphan Kittens,1935,1,1
79f1f74c-6fea-4134-b4ad-3b28a4b59de4,Through a Glass Darkly (Såsom i en spegel),1961,1,2
39c0b879-0aaa-4a9e-83bb-8ee5b3bdefca,Thunderball,1965,1,1
91a752b0-b1ee-4cc0-ae5b-618ef2cb0eed,Thursday's Children,1954,1,1
0713e777-c591-42c9-b27f-3b0d62cea4d5,The Time Machine,1960,1,1
bf3f73cf-a9b0-4e41-ab8d-6479a19659d3,A Time Out of War,1954,1,1
b3375f9a-814b-490a-801d-6473f9526311,Tin Pan Alley,1940,1,1
33e84529-5627-444b-8b17-3338b8377b18,The Titan: Story of Michelangelo,1950,1,1
23439e79-0c63-4d29-aa36-5121589d5650,Titanic,1953,1,2
e51ccbb9-ac2e-410a-a913-01701435b88a,To Catch a Thief,1955,1,3
1527b876-e312-458a-947b-76a5cd69921d,To Each His Own,1946,1,2
d75711f0-d965-4130-a095-189fed569641,To Kill a Mockingbird,1962,3,8
cd7c456d-cccb-4347-955d-c3991c89893e,Tom Jones,1963,4,10
e015a18f-9008-43a2-b6af-27f1aa9db257,tom thumb,1958,1,1
8e041ce5-8e7e-4f68-9e25-e38b6afe92ae,"Toot, Whistle, Plunk and Boom",1953,1,1
7daa5c00-8968-4886-a56b-4e1b196fc563,Topkapi,1964,1,1
e7ad2b2f-3fcd-4b29-b501-2270082f434e,The Tortoise and the Hare,1934,1,1
1649cfc9-2b94-4ed3-8593-a91bb248c25d,Torture Money,1937,1,1
dd556782-e6d6-48af-a58d-c6d2d39b5156,Toward Independence,1948,1,1
ced350c3-ad38-4202-b015-c0f695a47791,Transatlantic,1931/32,1,1
3876e167-924e-4f93-8669-3afcb63df29f,The Treasure of the Sierra Madre,1948,3,4
b53c5ea4-56b0-482e-8d34-92d85231f1da,A Tree Grows in Brooklyn,1945,1,2
973b4c55-058e-4c94-92af-3059c95bc9f5,The True Glory,1945,1,1
f89aeab0-6c91-45b6-b86b-27518d0bf7e7,The True Story of the Civil War,1956,1,1
bcdca0d8-63de-42f0-bae5-abd245b2157e,Tweetie Pie,1947,1,1
e82597ec-d91c-4bc2-9318-8a15cd46b583,Twelve O'Clock High,1949,2,4
b19aac65-2d90-4a61-b10c-467a9425ffd3,Two Arabian Knights,1927/28,1,1
d5ee18fd-87c6-44b9-be77-c6b78034aac8,The Two Mouseketeers,1951,1,1
e2bbe2e0-5e3f-4c7b-ab0a-f9f20d117cf4,Two Women (La Ciociara),1961,1,1
7a5c397d-7f20-4d42-848d-0cdc6d648464,The Ugly Duckling,1939,1,1
1fb9b36b-5d14-4f80-8e53-64d3f81480d0,Underworld,1927/28,1,1
9ec2fd7e-41e7-456e-a022-3f24536582df,The V.I.P.s,1963,1,1
1b7eacfb-8a17-42b4-a3f5-e3879b3f29f0,Vacation from Marriage (UK title Perfect Strangers),1946,1,1
c5f1e4dc-c273-41cc-b3ae-9a41ee277dfc,Van Gogh,1949,1,1
68a2f8b6-b743-4e55-8d41-30994c473843,The Vanishing Prairie,1954,1,1
a7064e3b-9890-416b-a82b-4b03d2169d73,The Virgin Spring (Jungfrukällan),1960,1,2
d1f174be-b54e-4237-a81b-df263e8b99a8,Viva Villa!,1934,1,4
4fbd37e7-d4cf-4f59-a78e-5799aec3af33,Viva Zapata!,1952,1,5
d1c4f7cb-f54d-4716-9f01-3c4b1209d780,Waikiki Wedding,1937,1,2
5d67a028-72b3-42b1-ab05-52ee47ddacb5,The Walls of Malapaga,1950,0 (1),0
622ee561-9bc2-482f-8659-3a3f62f147ff,The War of the Worlds,1953,1,3
b7edface-866a-4da0-8a58-b5719cd5030a,Watch on the Rhine,1943,1,4
c2d626e9-d173-4bd4-991b-24f61c198820,Water Birds,1952,1,1
dd7a1171-56d2-4e2c-bb09-14b96ae4968b,The Way of All Flesh,1927/28,1,1
ea44551b-4ad2-4ed8-8489-ec5baf295b17,West Side Story,1961,10,11
d1a5bfee-75d5-4a67-9f7c-5f0630fa74ee,The Westerner,1940,1,3
f4071b62-6ef4-47fa-b031-9b9e45d79b24,The Wetback Hound,1957,1,1
0ff284f8-a627-4d56-b12c-03e06d5ef706,What Ever Happened to Baby Jane?,1962,1,5
380f3dc4-77d9-4772-a142-c5b341d4264d,When Tomorrow Comes,1939,1,1
1bfd981e-2519-4c14-b3e1-1daf13d8116b,When Magoo Flew,1954,1,1
45dc4033-fa9e-40ef-a3e4-92a1ffcf6799,When Worlds Collide,1951,1,2
7ee935be-b1e9-4546-b76b-8d6c2907abc1,White Shadows in the South Seas,1928/29,1,1
69c5b55d-a0b8-4ca1-bb10-556ee01b1bc3,White Wilderness,1958,1,2
9876c509-521d-4feb-b310-f4f80777389c,Who's Who in Animal Land,1944,1,1
37c315ed-2306-4ec1-9ca6-4d3af36a6c88,Why Korea?,1950,1,1
3d22bb79-abdc-4087-b2cd-6c1b43d4eb24,Wilson,1944,5,10
e24fff91-9c6d-4c2d-8103-af1966adfb0b,Wings,1927/28,2,2
9c136fef-00e9-45a8-ad98-c4acb0f34eb4,Wings Over Everest,1935,1,1
9015e958-7b7d-407d-b8a7-4d8d1a6158b0,With a Song in My Heart,1952,1,5
a540f097-f7ec-41c1-adc2-3a82768504b0,With Byrd at the South Pole,1929/30,1,1
f849aeef-4f84-4ab8-9a36-32a08c1140a5,With the Marines at Tarawa,1944,1,1
75f582e0-8c72-4788-805a-d44a54f54c6d,The Wizard of Oz,1939,2,6[10]
f2233c91-1eba-465a-8f00-86d4fecf191f,Woman of the Year,1942,1,2
6d57a7d3-f273-4b4c-b534-11a3c6b1d294,Wonder Man,1945,1,4
4345c982-c298-4b5c-bfab-390cc9fea47d,The Wonderful World of the Brothers Grimm,1962,1,4
95af0e6a-2fdb-4ac6-aa92-f8bb03fd8c1b,World of Kids,1951,1,1
c491446d-4dfb-4a4c-a4a5-d5ed0518b1db,World Without Sun (Le Monde sans soleil),1964,1,1
a590f0f5-fa63-4238-aebe-dbe7fc6bb7c6,Wrestling Swordfish,1931/32,1,1
69f0c548-e828-462e-b04b-54bcd8b13b81,Written on the Wind,1956,1,3
600833c7-30ce-4f9e-9951-2f2e4cc21cca,Wuthering Heights,1939,1,8
f81f6c91-a77d-41b1-b42b-1e3398f6863c,Yankee Doodle Dandy,1942,3,8
9d020364-b8ae-4e06-bc6b-914b0643ab7e,The Yankee Doodle Mouse,1943,1,1
6d74392c-6b8a-47fc-aef3-aeeb49415461,The Yearling,1946,2,7
83259de1-1a84-4469-98d0-f427c97d87ff,"Yesterday, Today and Tomorrow (Ieri, oggi, domani)",1964,1,1
62d43a5a-be5f-49d9-b0f8-7dc938ecdebf,You Can't Take It with You,1938,2,7
7fd759d1-f12d-4a01-ad56-3d32a0b25dd9,Zorba the Greek (Alexis Zorbas),1964,3,7
